2025-04-06 19:12:52.702  INFO 40336 --- [main] com.docker.initial.InitialApplication    : Starting InitialApplication using Java 17.0.6 on Hp-Aero with PID 40336 (E:\project\initial\initial\build\classes\java\main started by Abhijeet in E:\project\initial\initial)
2025-04-06 19:12:52.706  INFO 40336 --- [main] com.docker.initial.InitialApplication    : No active profile set, falling back to 1 default profile: "default"
2025-04-06 19:12:53.865  INFO 40336 --- [main] .s.d.r.c.RepositoryConfigurationDelegate : Bootstrapping Spring Data JPA repositories in DEFAULT mode.
2025-04-06 19:12:53.972  INFO 40336 --- [main] .s.d.r.c.RepositoryConfigurationDelegate : Finished Spring Data repository scanning in 96 ms. Found 5 JPA repository interfaces.
2025-04-06 19:12:54.933  INFO 40336 --- [main] o.s.b.w.embedded.tomcat.TomcatWebServer  : Tomcat initialized with port(s): 8081 (http)
2025-04-06 19:12:54.951  INFO 40336 --- [main] o.apache.catalina.core.StandardService   : Starting service [Tomcat]
2025-04-06 19:12:54.951  INFO 40336 --- [main] org.apache.catalina.core.StandardEngine  : Starting Servlet engine: [Apache Tomcat/9.0.69]
2025-04-06 19:12:55.124  INFO 40336 --- [main] o.a.c.c.C.[Tomcat].[localhost].[/]       : Initializing Spring embedded WebApplicationContext
2025-04-06 19:12:55.124  INFO 40336 --- [main] w.s.c.ServletWebServerApplicationContext : Root WebApplicationContext: initialization completed in 2356 ms
2025-04-06 19:12:55.643  INFO 40336 --- [main] o.hibernate.jpa.internal.util.LogHelper  : HHH000204: Processing PersistenceUnitInfo [name: default]
2025-04-06 19:12:55.725  INFO 40336 --- [main] org.hibernate.Version                    : HHH000412: Hibernate ORM core version 5.6.14.Final
2025-04-06 19:12:55.969  INFO 40336 --- [main] o.hibernate.annotations.common.Version   : HCANN000001: Hibernate Commons Annotations {5.1.2.Final}
2025-04-06 19:12:56.132  INFO 40336 --- [main] com.zaxxer.hikari.HikariDataSource       : HikariPool-1 - Starting...
2025-04-06 19:12:56.598  INFO 40336 --- [main] com.zaxxer.hikari.HikariDataSource       : HikariPool-1 - Start completed.
2025-04-06 19:12:56.624  INFO 40336 --- [main] org.hibernate.dialect.Dialect            : HHH000400: Using dialect: org.hibernate.dialect.MySQL8Dialect
2025-04-06 19:12:57.669  INFO 40336 --- [main] o.h.e.t.j.p.i.JtaPlatformInitiator       : HHH000490: Using JtaPlatform implementation: [org.hibernate.engine.transaction.jta.platform.internal.NoJtaPlatform]
2025-04-06 19:12:57.680  INFO 40336 --- [main] j.LocalContainerEntityManagerFactoryBean : Initialized JPA EntityManagerFactory for persistence unit 'default'
2025-04-06 19:12:58.306  WARN 40336 --- [main] JpaBaseConfiguration$JpaWebConfiguration : spring.jpa.open-in-view is enabled by default. Therefore, database queries may be performed during view rendering. Explicitly configure spring.jpa.open-in-view to disable this warning
2025-04-06 19:12:58.572  INFO 40336 --- [main] o.s.s.web.DefaultSecurityFilterChain     : Will secure any request with [org.springframework.security.web.session.DisableEncodeUrlFilter@73483d4b, org.springframework.security.web.context.request.async.WebAsyncManagerIntegrationFilter@8961e55, org.springframework.security.web.context.SecurityContextPersistenceFilter@14091e24, org.springframework.security.web.header.HeaderWriterFilter@35c9f527, org.springframework.security.web.authentication.logout.LogoutFilter@16e3d6d0, com.docker.initial.configuration.JwtAuthenticationFilter@57abe94d, org.springframework.security.web.savedrequest.RequestCacheAwareFilter@408980aa, org.springframework.security.web.servletapi.SecurityContextHolderAwareRequestFilter@4202bfe8, org.springframework.security.web.authentication.AnonymousAuthenticationFilter@67eabe02, org.springframework.security.web.session.SessionManagementFilter@2a9f7572, org.springframework.security.web.access.ExceptionTranslationFilter@5625ba2, org.springframework.security.web.access.intercept.FilterSecurityInterceptor@7f1b2f07]
2025-04-06 19:12:59.751  INFO 40336 --- [main] o.s.b.a.e.web.EndpointLinksResolver      : Exposing 15 endpoint(s) beneath base path '/actuator'
2025-04-06 19:12:59.825  INFO 40336 --- [main] o.s.b.w.embedded.tomcat.TomcatWebServer  : Tomcat started on port(s): 8081 (http) with context path ''
2025-04-06 19:12:59.843  INFO 40336 --- [main] com.docker.initial.InitialApplication    : Started InitialApplication in 7.614 seconds (JVM running for 8.12)
2025-04-06 19:13:00.586  INFO 40336 --- [http-nio-8081-exec-1] o.a.c.c.C.[Tomcat].[localhost].[/]       : Initializing Spring DispatcherServlet 'dispatcherServlet'
2025-04-06 19:13:00.587  INFO 40336 --- [http-nio-8081-exec-1] o.s.web.servlet.DispatcherServlet        : Initializing Servlet 'dispatcherServlet'
2025-04-06 19:13:00.589  INFO 40336 --- [http-nio-8081-exec-1] o.s.web.servlet.DispatcherServlet        : Completed initialization in 2 ms
2025-04-06 19:13:55.372  INFO 40336 --- [http-nio-8081-exec-8] c.d.i.controller.CategoryController      : Categories Are - [FAILED toString()]
2025-04-06 19:14:12.892  INFO 40336 --- [http-nio-8081-exec-6] c.d.i.controller.CategoryController      : Categories Are - [FAILED toString()]
2025-04-06 19:59:13.438  WARN 40336 --- [HikariPool-1 housekeeper] com.zaxxer.hikari.pool.HikariPool        : HikariPool-1 - Thread starvation or clock leap detected (housekeeper delta=9m16s146ms975µs600ns).
2025-04-06 20:00:23.069  INFO 18144 --- [main] com.docker.initial.InitialApplication    : Starting InitialApplication using Java 17.0.6 on Hp-Aero with PID 18144 (E:\project\initial\initial\build\classes\java\main started by Abhijeet in E:\project\initial\initial)
2025-04-06 20:00:23.072  INFO 18144 --- [main] com.docker.initial.InitialApplication    : No active profile set, falling back to 1 default profile: "default"
2025-04-06 20:00:24.290  INFO 18144 --- [main] .s.d.r.c.RepositoryConfigurationDelegate : Bootstrapping Spring Data JPA repositories in DEFAULT mode.
2025-04-06 20:00:24.382  INFO 18144 --- [main] .s.d.r.c.RepositoryConfigurationDelegate : Finished Spring Data repository scanning in 81 ms. Found 5 JPA repository interfaces.
2025-04-06 20:00:25.371  INFO 18144 --- [main] o.s.b.w.embedded.tomcat.TomcatWebServer  : Tomcat initialized with port(s): 8081 (http)
2025-04-06 20:00:25.383  INFO 18144 --- [main] o.apache.catalina.core.StandardService   : Starting service [Tomcat]
2025-04-06 20:00:25.383  INFO 18144 --- [main] org.apache.catalina.core.StandardEngine  : Starting Servlet engine: [Apache Tomcat/9.0.69]
2025-04-06 20:00:25.552  INFO 18144 --- [main] o.a.c.c.C.[Tomcat].[localhost].[/]       : Initializing Spring embedded WebApplicationContext
2025-04-06 20:00:25.553  INFO 18144 --- [main] w.s.c.ServletWebServerApplicationContext : Root WebApplicationContext: initialization completed in 2411 ms
2025-04-06 20:00:26.078  INFO 18144 --- [main] o.hibernate.jpa.internal.util.LogHelper  : HHH000204: Processing PersistenceUnitInfo [name: default]
2025-04-06 20:00:26.148  INFO 18144 --- [main] org.hibernate.Version                    : HHH000412: Hibernate ORM core version 5.6.14.Final
2025-04-06 20:00:26.370  INFO 18144 --- [main] o.hibernate.annotations.common.Version   : HCANN000001: Hibernate Commons Annotations {5.1.2.Final}
2025-04-06 20:00:26.523  INFO 18144 --- [main] com.zaxxer.hikari.HikariDataSource       : HikariPool-1 - Starting...
2025-04-06 20:00:26.912  INFO 18144 --- [main] com.zaxxer.hikari.HikariDataSource       : HikariPool-1 - Start completed.
2025-04-06 20:00:26.933  INFO 18144 --- [main] org.hibernate.dialect.Dialect            : HHH000400: Using dialect: org.hibernate.dialect.MySQL8Dialect
2025-04-06 20:00:27.906  INFO 18144 --- [main] o.h.e.t.j.p.i.JtaPlatformInitiator       : HHH000490: Using JtaPlatform implementation: [org.hibernate.engine.transaction.jta.platform.internal.NoJtaPlatform]
2025-04-06 20:00:27.919  INFO 18144 --- [main] j.LocalContainerEntityManagerFactoryBean : Initialized JPA EntityManagerFactory for persistence unit 'default'
2025-04-06 20:00:28.558  WARN 18144 --- [main] JpaBaseConfiguration$JpaWebConfiguration : spring.jpa.open-in-view is enabled by default. Therefore, database queries may be performed during view rendering. Explicitly configure spring.jpa.open-in-view to disable this warning
2025-04-06 20:00:28.799  INFO 18144 --- [main] o.s.s.web.DefaultSecurityFilterChain     : Will secure any request with [org.springframework.security.web.session.DisableEncodeUrlFilter@3f67f5ff, org.springframework.security.web.context.request.async.WebAsyncManagerIntegrationFilter@1c80f8dd, org.springframework.security.web.context.SecurityContextPersistenceFilter@451f3f66, org.springframework.security.web.header.HeaderWriterFilter@574134ba, org.springframework.security.web.authentication.logout.LogoutFilter@52a9db63, com.docker.initial.configuration.JwtAuthenticationFilter@594f508f, org.springframework.security.web.savedrequest.RequestCacheAwareFilter@2784145d, org.springframework.security.web.servletapi.SecurityContextHolderAwareRequestFilter@1e9a10e9, org.springframework.security.web.authentication.AnonymousAuthenticationFilter@51b2b3e6, org.springframework.security.web.session.SessionManagementFilter@47bbf44d, org.springframework.security.web.access.ExceptionTranslationFilter@36017835, org.springframework.security.web.access.intercept.FilterSecurityInterceptor@7552f05b]
2025-04-06 20:00:30.061  INFO 18144 --- [main] o.s.b.a.e.web.EndpointLinksResolver      : Exposing 15 endpoint(s) beneath base path '/actuator'
2025-04-06 20:00:30.142  INFO 18144 --- [main] o.s.b.w.embedded.tomcat.TomcatWebServer  : Tomcat started on port(s): 8081 (http) with context path ''
2025-04-06 20:00:30.165  INFO 18144 --- [main] com.docker.initial.InitialApplication    : Started InitialApplication in 7.637 seconds (JVM running for 8.164)
2025-04-06 20:00:31.879  INFO 18144 --- [http-nio-8081-exec-2] o.a.c.c.C.[Tomcat].[localhost].[/]       : Initializing Spring DispatcherServlet 'dispatcherServlet'
2025-04-06 20:00:31.879  INFO 18144 --- [http-nio-8081-exec-2] o.s.web.servlet.DispatcherServlet        : Initializing Servlet 'dispatcherServlet'
2025-04-06 20:00:31.881  INFO 18144 --- [http-nio-8081-exec-2] o.s.web.servlet.DispatcherServlet        : Completed initialization in 2 ms
2025-04-06 20:00:48.101 ERROR 18144 --- [http-nio-8081-exec-6] o.a.c.c.C.[.[.[/].[dispatcherServlet]    : Servlet.service() for servlet [dispatcherServlet] in context with path [] threw exception [Handler dispatch failed; nested exception is java.lang.StackOverflowError] with root cause

java.lang.StackOverflowError: null
	at com.docker.initial.modal.exam.Category.toString(Category.java:14) ~[main/:na]
	at java.base/java.lang.StringConcatHelper.stringOf(StringConcatHelper.java:453) ~[na:na]
	at com.docker.initial.modal.exam.Quiz.toString(Quiz.java:12) ~[main/:na]
	at java.base/java.lang.String.valueOf(String.java:4216) ~[na:na]
	at java.base/java.lang.StringBuilder.append(StringBuilder.java:173) ~[na:na]
	at java.base/java.util.AbstractCollection.toString(AbstractCollection.java:457) ~[na:na]
	at org.hibernate.collection.internal.PersistentSet.toString(PersistentSet.java:328) ~[hibernate-core-5.6.14.Final.jar:5.6.14.Final]
	at java.base/java.lang.StringConcatHelper.stringOf(StringConcatHelper.java:453) ~[na:na]
	at com.docker.initial.modal.exam.Category.toString(Category.java:14) ~[main/:na]
	at java.base/java.lang.StringConcatHelper.stringOf(StringConcatHelper.java:453) ~[na:na]
	at com.docker.initial.modal.exam.Quiz.toString(Quiz.java:12) ~[main/:na]
	at java.base/java.lang.String.valueOf(String.java:4216) ~[na:na]
	at java.base/java.lang.StringBuilder.append(StringBuilder.java:173) ~[na:na]
	at java.base/java.util.AbstractCollection.toString(AbstractCollection.java:457) ~[na:na]
	at org.hibernate.collection.internal.PersistentSet.toString(PersistentSet.java:328) ~[hibernate-core-5.6.14.Final.jar:5.6.14.Final]
	at java.base/java.lang.StringConcatHelper.stringOf(StringConcatHelper.java:453) ~[na:na]
	at com.docker.initial.modal.exam.Category.toString(Category.java:14) ~[main/:na]
	at java.base/java.lang.StringConcatHelper.stringOf(StringConcatHelper.java:453) ~[na:na]
	at com.docker.initial.modal.exam.Quiz.toString(Quiz.java:12) ~[main/:na]
	at java.base/java.lang.String.valueOf(String.java:4216) ~[na:na]
	at java.base/java.lang.StringBuilder.append(StringBuilder.java:173) ~[na:na]
	at java.base/java.util.AbstractCollection.toString(AbstractCollection.java:457) ~[na:na]
	at org.hibernate.collection.internal.PersistentSet.toString(PersistentSet.java:328) ~[hibernate-core-5.6.14.Final.jar:5.6.14.Final]
	at java.base/java.lang.StringConcatHelper.stringOf(StringConcatHelper.java:453) ~[na:na]
	at com.docker.initial.modal.exam.Category.toString(Category.java:14) ~[main/:na]
	at java.base/java.lang.StringConcatHelper.stringOf(StringConcatHelper.java:453) ~[na:na]
	at com.docker.initial.modal.exam.Quiz.toString(Quiz.java:12) ~[main/:na]
	at java.base/java.lang.String.valueOf(String.java:4216) ~[na:na]
	at java.base/java.lang.StringBuilder.append(StringBuilder.java:173) ~[na:na]
	at java.base/java.util.AbstractCollection.toString(AbstractCollection.java:457) ~[na:na]
	at org.hibernate.collection.internal.PersistentSet.toString(PersistentSet.java:328) ~[hibernate-core-5.6.14.Final.jar:5.6.14.Final]
	at java.base/java.lang.StringConcatHelper.stringOf(StringConcatHelper.java:453) ~[na:na]
	at com.docker.initial.modal.exam.Category.toString(Category.java:14) ~[main/:na]
	at java.base/java.lang.StringConcatHelper.stringOf(StringConcatHelper.java:453) ~[na:na]
	at com.docker.initial.modal.exam.Quiz.toString(Quiz.java:12) ~[main/:na]
	at java.base/java.lang.String.valueOf(String.java:4216) ~[na:na]
	at java.base/java.lang.StringBuilder.append(StringBuilder.java:173) ~[na:na]
	at java.base/java.util.AbstractCollection.toString(AbstractCollection.java:457) ~[na:na]
	at org.hibernate.collection.internal.PersistentSet.toString(PersistentSet.java:328) ~[hibernate-core-5.6.14.Final.jar:5.6.14.Final]
	at java.base/java.lang.StringConcatHelper.stringOf(StringConcatHelper.java:453) ~[na:na]
	at com.docker.initial.modal.exam.Category.toString(Category.java:14) ~[main/:na]
	at java.base/java.lang.StringConcatHelper.stringOf(StringConcatHelper.java:453) ~[na:na]
	at com.docker.initial.modal.exam.Quiz.toString(Quiz.java:12) ~[main/:na]
	at java.base/java.lang.String.valueOf(String.java:4216) ~[na:na]
	at java.base/java.lang.StringBuilder.append(StringBuilder.java:173) ~[na:na]
	at java.base/java.util.AbstractCollection.toString(AbstractCollection.java:457) ~[na:na]
	at org.hibernate.collection.internal.PersistentSet.toString(PersistentSet.java:328) ~[hibernate-core-5.6.14.Final.jar:5.6.14.Final]
	at java.base/java.lang.StringConcatHelper.stringOf(StringConcatHelper.java:453) ~[na:na]
	at com.docker.initial.modal.exam.Category.toString(Category.java:14) ~[main/:na]
	at java.base/java.lang.StringConcatHelper.stringOf(StringConcatHelper.java:453) ~[na:na]
	at com.docker.initial.modal.exam.Quiz.toString(Quiz.java:12) ~[main/:na]
	at java.base/java.lang.String.valueOf(String.java:4216) ~[na:na]
	at java.base/java.lang.StringBuilder.append(StringBuilder.java:173) ~[na:na]
	at java.base/java.util.AbstractCollection.toString(AbstractCollection.java:457) ~[na:na]
	at org.hibernate.collection.internal.PersistentSet.toString(PersistentSet.java:328) ~[hibernate-core-5.6.14.Final.jar:5.6.14.Final]
	at java.base/java.lang.StringConcatHelper.stringOf(StringConcatHelper.java:453) ~[na:na]
	at com.docker.initial.modal.exam.Category.toString(Category.java:14) ~[main/:na]
	at java.base/java.lang.StringConcatHelper.stringOf(StringConcatHelper.java:453) ~[na:na]
	at com.docker.initial.modal.exam.Quiz.toString(Quiz.java:12) ~[main/:na]
	at java.base/java.lang.String.valueOf(String.java:4216) ~[na:na]
	at java.base/java.lang.StringBuilder.append(StringBuilder.java:173) ~[na:na]
	at java.base/java.util.AbstractCollection.toString(AbstractCollection.java:457) ~[na:na]
	at org.hibernate.collection.internal.PersistentSet.toString(PersistentSet.java:328) ~[hibernate-core-5.6.14.Final.jar:5.6.14.Final]
	at java.base/java.lang.StringConcatHelper.stringOf(StringConcatHelper.java:453) ~[na:na]
	at com.docker.initial.modal.exam.Category.toString(Category.java:14) ~[main/:na]
	at java.base/java.lang.StringConcatHelper.stringOf(StringConcatHelper.java:453) ~[na:na]
	at com.docker.initial.modal.exam.Quiz.toString(Quiz.java:12) ~[main/:na]
	at java.base/java.lang.String.valueOf(String.java:4216) ~[na:na]
	at java.base/java.lang.StringBuilder.append(StringBuilder.java:173) ~[na:na]
	at java.base/java.util.AbstractCollection.toString(AbstractCollection.java:457) ~[na:na]
	at org.hibernate.collection.internal.PersistentSet.toString(PersistentSet.java:328) ~[hibernate-core-5.6.14.Final.jar:5.6.14.Final]
	at java.base/java.lang.StringConcatHelper.stringOf(StringConcatHelper.java:453) ~[na:na]
	at com.docker.initial.modal.exam.Category.toString(Category.java:14) ~[main/:na]
	at java.base/java.lang.StringConcatHelper.stringOf(StringConcatHelper.java:453) ~[na:na]
	at com.docker.initial.modal.exam.Quiz.toString(Quiz.java:12) ~[main/:na]
	at java.base/java.lang.String.valueOf(String.java:4216) ~[na:na]
	at java.base/java.lang.StringBuilder.append(StringBuilder.java:173) ~[na:na]
	at java.base/java.util.AbstractCollection.toString(AbstractCollection.java:457) ~[na:na]
	at org.hibernate.collection.internal.PersistentSet.toString(PersistentSet.java:328) ~[hibernate-core-5.6.14.Final.jar:5.6.14.Final]
	at java.base/java.lang.StringConcatHelper.stringOf(StringConcatHelper.java:453) ~[na:na]
	at com.docker.initial.modal.exam.Category.toString(Category.java:14) ~[main/:na]
	at java.base/java.lang.StringConcatHelper.stringOf(StringConcatHelper.java:453) ~[na:na]
	at com.docker.initial.modal.exam.Quiz.toString(Quiz.java:12) ~[main/:na]
	at java.base/java.lang.String.valueOf(String.java:4216) ~[na:na]
	at java.base/java.lang.StringBuilder.append(StringBuilder.java:173) ~[na:na]
	at java.base/java.util.AbstractCollection.toString(AbstractCollection.java:457) ~[na:na]
	at org.hibernate.collection.internal.PersistentSet.toString(PersistentSet.java:328) ~[hibernate-core-5.6.14.Final.jar:5.6.14.Final]
	at java.base/java.lang.StringConcatHelper.stringOf(StringConcatHelper.java:453) ~[na:na]
	at com.docker.initial.modal.exam.Category.toString(Category.java:14) ~[main/:na]
	at java.base/java.lang.StringConcatHelper.stringOf(StringConcatHelper.java:453) ~[na:na]
	at com.docker.initial.modal.exam.Quiz.toString(Quiz.java:12) ~[main/:na]
	at java.base/java.lang.String.valueOf(String.java:4216) ~[na:na]
	at java.base/java.lang.StringBuilder.append(StringBuilder.java:173) ~[na:na]
	at java.base/java.util.AbstractCollection.toString(AbstractCollection.java:457) ~[na:na]
	at org.hibernate.collection.internal.PersistentSet.toString(PersistentSet.java:328) ~[hibernate-core-5.6.14.Final.jar:5.6.14.Final]
	at java.base/java.lang.StringConcatHelper.stringOf(StringConcatHelper.java:453) ~[na:na]
	at com.docker.initial.modal.exam.Category.toString(Category.java:14) ~[main/:na]
	at java.base/java.lang.StringConcatHelper.stringOf(StringConcatHelper.java:453) ~[na:na]
	at com.docker.initial.modal.exam.Quiz.toString(Quiz.java:12) ~[main/:na]
	at java.base/java.lang.String.valueOf(String.java:4216) ~[na:na]
	at java.base/java.lang.StringBuilder.append(StringBuilder.java:173) ~[na:na]
	at java.base/java.util.AbstractCollection.toString(AbstractCollection.java:457) ~[na:na]
	at org.hibernate.collection.internal.PersistentSet.toString(PersistentSet.java:328) ~[hibernate-core-5.6.14.Final.jar:5.6.14.Final]
	at java.base/java.lang.StringConcatHelper.stringOf(StringConcatHelper.java:453) ~[na:na]
	at com.docker.initial.modal.exam.Category.toString(Category.java:14) ~[main/:na]
	at java.base/java.lang.StringConcatHelper.stringOf(StringConcatHelper.java:453) ~[na:na]
	at com.docker.initial.modal.exam.Quiz.toString(Quiz.java:12) ~[main/:na]
	at java.base/java.lang.String.valueOf(String.java:4216) ~[na:na]
	at java.base/java.lang.StringBuilder.append(StringBuilder.java:173) ~[na:na]
	at java.base/java.util.AbstractCollection.toString(AbstractCollection.java:457) ~[na:na]
	at org.hibernate.collection.internal.PersistentSet.toString(PersistentSet.java:328) ~[hibernate-core-5.6.14.Final.jar:5.6.14.Final]
	at java.base/java.lang.StringConcatHelper.stringOf(StringConcatHelper.java:453) ~[na:na]
	at com.docker.initial.modal.exam.Category.toString(Category.java:14) ~[main/:na]
	at java.base/java.lang.StringConcatHelper.stringOf(StringConcatHelper.java:453) ~[na:na]
	at com.docker.initial.modal.exam.Quiz.toString(Quiz.java:12) ~[main/:na]
	at java.base/java.lang.String.valueOf(String.java:4216) ~[na:na]
	at java.base/java.lang.StringBuilder.append(StringBuilder.java:173) ~[na:na]
	at java.base/java.util.AbstractCollection.toString(AbstractCollection.java:457) ~[na:na]
	at org.hibernate.collection.internal.PersistentSet.toString(PersistentSet.java:328) ~[hibernate-core-5.6.14.Final.jar:5.6.14.Final]
	at java.base/java.lang.StringConcatHelper.stringOf(StringConcatHelper.java:453) ~[na:na]
	at com.docker.initial.modal.exam.Category.toString(Category.java:14) ~[main/:na]
	at java.base/java.lang.StringConcatHelper.stringOf(StringConcatHelper.java:453) ~[na:na]
	at com.docker.initial.modal.exam.Quiz.toString(Quiz.java:12) ~[main/:na]
	at java.base/java.lang.String.valueOf(String.java:4216) ~[na:na]
	at java.base/java.lang.StringBuilder.append(StringBuilder.java:173) ~[na:na]
	at java.base/java.util.AbstractCollection.toString(AbstractCollection.java:457) ~[na:na]
	at org.hibernate.collection.internal.PersistentSet.toString(PersistentSet.java:328) ~[hibernate-core-5.6.14.Final.jar:5.6.14.Final]
	at java.base/java.lang.StringConcatHelper.stringOf(StringConcatHelper.java:453) ~[na:na]
	at com.docker.initial.modal.exam.Category.toString(Category.java:14) ~[main/:na]
	at java.base/java.lang.StringConcatHelper.stringOf(StringConcatHelper.java:453) ~[na:na]
	at com.docker.initial.modal.exam.Quiz.toString(Quiz.java:12) ~[main/:na]
	at java.base/java.lang.String.valueOf(String.java:4216) ~[na:na]
	at java.base/java.lang.StringBuilder.append(StringBuilder.java:173) ~[na:na]
	at java.base/java.util.AbstractCollection.toString(AbstractCollection.java:457) ~[na:na]
	at org.hibernate.collection.internal.PersistentSet.toString(PersistentSet.java:328) ~[hibernate-core-5.6.14.Final.jar:5.6.14.Final]
	at java.base/java.lang.StringConcatHelper.stringOf(StringConcatHelper.java:453) ~[na:na]
	at com.docker.initial.modal.exam.Category.toString(Category.java:14) ~[main/:na]
	at java.base/java.lang.StringConcatHelper.stringOf(StringConcatHelper.java:453) ~[na:na]
	at com.docker.initial.modal.exam.Quiz.toString(Quiz.java:12) ~[main/:na]
	at java.base/java.lang.String.valueOf(String.java:4216) ~[na:na]
	at java.base/java.lang.StringBuilder.append(StringBuilder.java:173) ~[na:na]
	at java.base/java.util.AbstractCollection.toString(AbstractCollection.java:457) ~[na:na]
	at org.hibernate.collection.internal.PersistentSet.toString(PersistentSet.java:328) ~[hibernate-core-5.6.14.Final.jar:5.6.14.Final]
	at java.base/java.lang.StringConcatHelper.stringOf(StringConcatHelper.java:453) ~[na:na]
	at com.docker.initial.modal.exam.Category.toString(Category.java:14) ~[main/:na]
	at java.base/java.lang.StringConcatHelper.stringOf(StringConcatHelper.java:453) ~[na:na]
	at com.docker.initial.modal.exam.Quiz.toString(Quiz.java:12) ~[main/:na]
	at java.base/java.lang.String.valueOf(String.java:4216) ~[na:na]
	at java.base/java.lang.StringBuilder.append(StringBuilder.java:173) ~[na:na]
	at java.base/java.util.AbstractCollection.toString(AbstractCollection.java:457) ~[na:na]
	at org.hibernate.collection.internal.PersistentSet.toString(PersistentSet.java:328) ~[hibernate-core-5.6.14.Final.jar:5.6.14.Final]
	at java.base/java.lang.StringConcatHelper.stringOf(StringConcatHelper.java:453) ~[na:na]
	at com.docker.initial.modal.exam.Category.toString(Category.java:14) ~[main/:na]
	at java.base/java.lang.StringConcatHelper.stringOf(StringConcatHelper.java:453) ~[na:na]
	at com.docker.initial.modal.exam.Quiz.toString(Quiz.java:12) ~[main/:na]
	at java.base/java.lang.String.valueOf(String.java:4216) ~[na:na]
	at java.base/java.lang.StringBuilder.append(StringBuilder.java:173) ~[na:na]
	at java.base/java.util.AbstractCollection.toString(AbstractCollection.java:457) ~[na:na]
	at org.hibernate.collection.internal.PersistentSet.toString(PersistentSet.java:328) ~[hibernate-core-5.6.14.Final.jar:5.6.14.Final]
	at java.base/java.lang.StringConcatHelper.stringOf(StringConcatHelper.java:453) ~[na:na]
	at com.docker.initial.modal.exam.Category.toString(Category.java:14) ~[main/:na]
	at java.base/java.lang.StringConcatHelper.stringOf(StringConcatHelper.java:453) ~[na:na]
	at com.docker.initial.modal.exam.Quiz.toString(Quiz.java:12) ~[main/:na]
	at java.base/java.lang.String.valueOf(String.java:4216) ~[na:na]
	at java.base/java.lang.StringBuilder.append(StringBuilder.java:173) ~[na:na]
	at java.base/java.util.AbstractCollection.toString(AbstractCollection.java:457) ~[na:na]
	at org.hibernate.collection.internal.PersistentSet.toString(PersistentSet.java:328) ~[hibernate-core-5.6.14.Final.jar:5.6.14.Final]
	at java.base/java.lang.StringConcatHelper.stringOf(StringConcatHelper.java:453) ~[na:na]
	at com.docker.initial.modal.exam.Category.toString(Category.java:14) ~[main/:na]
	at java.base/java.lang.StringConcatHelper.stringOf(StringConcatHelper.java:453) ~[na:na]
	at com.docker.initial.modal.exam.Quiz.toString(Quiz.java:12) ~[main/:na]
	at java.base/java.lang.String.valueOf(String.java:4216) ~[na:na]
	at java.base/java.lang.StringBuilder.append(StringBuilder.java:173) ~[na:na]
	at java.base/java.util.AbstractCollection.toString(AbstractCollection.java:457) ~[na:na]
	at org.hibernate.collection.internal.PersistentSet.toString(PersistentSet.java:328) ~[hibernate-core-5.6.14.Final.jar:5.6.14.Final]
	at java.base/java.lang.StringConcatHelper.stringOf(StringConcatHelper.java:453) ~[na:na]
	at com.docker.initial.modal.exam.Category.toString(Category.java:14) ~[main/:na]
	at java.base/java.lang.StringConcatHelper.stringOf(StringConcatHelper.java:453) ~[na:na]
	at com.docker.initial.modal.exam.Quiz.toString(Quiz.java:12) ~[main/:na]
	at java.base/java.lang.String.valueOf(String.java:4216) ~[na:na]
	at java.base/java.lang.StringBuilder.append(StringBuilder.java:173) ~[na:na]
	at java.base/java.util.AbstractCollection.toString(AbstractCollection.java:457) ~[na:na]
	at org.hibernate.collection.internal.PersistentSet.toString(PersistentSet.java:328) ~[hibernate-core-5.6.14.Final.jar:5.6.14.Final]
	at java.base/java.lang.StringConcatHelper.stringOf(StringConcatHelper.java:453) ~[na:na]
	at com.docker.initial.modal.exam.Category.toString(Category.java:14) ~[main/:na]
	at java.base/java.lang.StringConcatHelper.stringOf(StringConcatHelper.java:453) ~[na:na]
	at com.docker.initial.modal.exam.Quiz.toString(Quiz.java:12) ~[main/:na]
	at java.base/java.lang.String.valueOf(String.java:4216) ~[na:na]
	at java.base/java.lang.StringBuilder.append(StringBuilder.java:173) ~[na:na]
	at java.base/java.util.AbstractCollection.toString(AbstractCollection.java:457) ~[na:na]
	at org.hibernate.collection.internal.PersistentSet.toString(PersistentSet.java:328) ~[hibernate-core-5.6.14.Final.jar:5.6.14.Final]
	at java.base/java.lang.StringConcatHelper.stringOf(StringConcatHelper.java:453) ~[na:na]
	at com.docker.initial.modal.exam.Category.toString(Category.java:14) ~[main/:na]
	at java.base/java.lang.StringConcatHelper.stringOf(StringConcatHelper.java:453) ~[na:na]
	at com.docker.initial.modal.exam.Quiz.toString(Quiz.java:12) ~[main/:na]
	at java.base/java.lang.String.valueOf(String.java:4216) ~[na:na]
	at java.base/java.lang.StringBuilder.append(StringBuilder.java:173) ~[na:na]
	at java.base/java.util.AbstractCollection.toString(AbstractCollection.java:457) ~[na:na]
	at org.hibernate.collection.internal.PersistentSet.toString(PersistentSet.java:328) ~[hibernate-core-5.6.14.Final.jar:5.6.14.Final]
	at java.base/java.lang.StringConcatHelper.stringOf(StringConcatHelper.java:453) ~[na:na]
	at com.docker.initial.modal.exam.Category.toString(Category.java:14) ~[main/:na]
	at java.base/java.lang.StringConcatHelper.stringOf(StringConcatHelper.java:453) ~[na:na]
	at com.docker.initial.modal.exam.Quiz.toString(Quiz.java:12) ~[main/:na]
	at java.base/java.lang.String.valueOf(String.java:4216) ~[na:na]
	at java.base/java.lang.StringBuilder.append(StringBuilder.java:173) ~[na:na]
	at java.base/java.util.AbstractCollection.toString(AbstractCollection.java:457) ~[na:na]
	at org.hibernate.collection.internal.PersistentSet.toString(PersistentSet.java:328) ~[hibernate-core-5.6.14.Final.jar:5.6.14.Final]
	at java.base/java.lang.StringConcatHelper.stringOf(StringConcatHelper.java:453) ~[na:na]
	at com.docker.initial.modal.exam.Category.toString(Category.java:14) ~[main/:na]
	at java.base/java.lang.StringConcatHelper.stringOf(StringConcatHelper.java:453) ~[na:na]
	at com.docker.initial.modal.exam.Quiz.toString(Quiz.java:12) ~[main/:na]
	at java.base/java.lang.String.valueOf(String.java:4216) ~[na:na]
	at java.base/java.lang.StringBuilder.append(StringBuilder.java:173) ~[na:na]
	at java.base/java.util.AbstractCollection.toString(AbstractCollection.java:457) ~[na:na]
	at org.hibernate.collection.internal.PersistentSet.toString(PersistentSet.java:328) ~[hibernate-core-5.6.14.Final.jar:5.6.14.Final]
	at java.base/java.lang.StringConcatHelper.stringOf(StringConcatHelper.java:453) ~[na:na]
	at com.docker.initial.modal.exam.Category.toString(Category.java:14) ~[main/:na]
	at java.base/java.lang.StringConcatHelper.stringOf(StringConcatHelper.java:453) ~[na:na]
	at com.docker.initial.modal.exam.Quiz.toString(Quiz.java:12) ~[main/:na]
	at java.base/java.lang.String.valueOf(String.java:4216) ~[na:na]
	at java.base/java.lang.StringBuilder.append(StringBuilder.java:173) ~[na:na]
	at java.base/java.util.AbstractCollection.toString(AbstractCollection.java:457) ~[na:na]
	at org.hibernate.collection.internal.PersistentSet.toString(PersistentSet.java:328) ~[hibernate-core-5.6.14.Final.jar:5.6.14.Final]
	at java.base/java.lang.StringConcatHelper.stringOf(StringConcatHelper.java:453) ~[na:na]
	at com.docker.initial.modal.exam.Category.toString(Category.java:14) ~[main/:na]
	at java.base/java.lang.StringConcatHelper.stringOf(StringConcatHelper.java:453) ~[na:na]
	at com.docker.initial.modal.exam.Quiz.toString(Quiz.java:12) ~[main/:na]
	at java.base/java.lang.String.valueOf(String.java:4216) ~[na:na]
	at java.base/java.lang.StringBuilder.append(StringBuilder.java:173) ~[na:na]
	at java.base/java.util.AbstractCollection.toString(AbstractCollection.java:457) ~[na:na]
	at org.hibernate.collection.internal.PersistentSet.toString(PersistentSet.java:328) ~[hibernate-core-5.6.14.Final.jar:5.6.14.Final]
	at java.base/java.lang.StringConcatHelper.stringOf(StringConcatHelper.java:453) ~[na:na]
	at com.docker.initial.modal.exam.Category.toString(Category.java:14) ~[main/:na]
	at java.base/java.lang.StringConcatHelper.stringOf(StringConcatHelper.java:453) ~[na:na]
	at com.docker.initial.modal.exam.Quiz.toString(Quiz.java:12) ~[main/:na]
	at java.base/java.lang.String.valueOf(String.java:4216) ~[na:na]
	at java.base/java.lang.StringBuilder.append(StringBuilder.java:173) ~[na:na]
	at java.base/java.util.AbstractCollection.toString(AbstractCollection.java:457) ~[na:na]
	at org.hibernate.collection.internal.PersistentSet.toString(PersistentSet.java:328) ~[hibernate-core-5.6.14.Final.jar:5.6.14.Final]
	at java.base/java.lang.StringConcatHelper.stringOf(StringConcatHelper.java:453) ~[na:na]
	at com.docker.initial.modal.exam.Category.toString(Category.java:14) ~[main/:na]
	at java.base/java.lang.StringConcatHelper.stringOf(StringConcatHelper.java:453) ~[na:na]
	at com.docker.initial.modal.exam.Quiz.toString(Quiz.java:12) ~[main/:na]
	at java.base/java.lang.String.valueOf(String.java:4216) ~[na:na]
	at java.base/java.lang.StringBuilder.append(StringBuilder.java:173) ~[na:na]
	at java.base/java.util.AbstractCollection.toString(AbstractCollection.java:457) ~[na:na]
	at org.hibernate.collection.internal.PersistentSet.toString(PersistentSet.java:328) ~[hibernate-core-5.6.14.Final.jar:5.6.14.Final]
	at java.base/java.lang.StringConcatHelper.stringOf(StringConcatHelper.java:453) ~[na:na]
	at com.docker.initial.modal.exam.Category.toString(Category.java:14) ~[main/:na]
	at java.base/java.lang.StringConcatHelper.stringOf(StringConcatHelper.java:453) ~[na:na]
	at com.docker.initial.modal.exam.Quiz.toString(Quiz.java:12) ~[main/:na]
	at java.base/java.lang.String.valueOf(String.java:4216) ~[na:na]
	at java.base/java.lang.StringBuilder.append(StringBuilder.java:173) ~[na:na]
	at java.base/java.util.AbstractCollection.toString(AbstractCollection.java:457) ~[na:na]
	at org.hibernate.collection.internal.PersistentSet.toString(PersistentSet.java:328) ~[hibernate-core-5.6.14.Final.jar:5.6.14.Final]
	at java.base/java.lang.StringConcatHelper.stringOf(StringConcatHelper.java:453) ~[na:na]
	at com.docker.initial.modal.exam.Category.toString(Category.java:14) ~[main/:na]
	at java.base/java.lang.StringConcatHelper.stringOf(StringConcatHelper.java:453) ~[na:na]
	at com.docker.initial.modal.exam.Quiz.toString(Quiz.java:12) ~[main/:na]
	at java.base/java.lang.String.valueOf(String.java:4216) ~[na:na]
	at java.base/java.lang.StringBuilder.append(StringBuilder.java:173) ~[na:na]
	at java.base/java.util.AbstractCollection.toString(AbstractCollection.java:457) ~[na:na]
	at org.hibernate.collection.internal.PersistentSet.toString(PersistentSet.java:328) ~[hibernate-core-5.6.14.Final.jar:5.6.14.Final]
	at java.base/java.lang.StringConcatHelper.stringOf(StringConcatHelper.java:453) ~[na:na]
	at com.docker.initial.modal.exam.Category.toString(Category.java:14) ~[main/:na]
	at java.base/java.lang.StringConcatHelper.stringOf(StringConcatHelper.java:453) ~[na:na]
	at com.docker.initial.modal.exam.Quiz.toString(Quiz.java:12) ~[main/:na]
	at java.base/java.lang.String.valueOf(String.java:4216) ~[na:na]
	at java.base/java.lang.StringBuilder.append(StringBuilder.java:173) ~[na:na]
	at java.base/java.util.AbstractCollection.toString(AbstractCollection.java:457) ~[na:na]
	at org.hibernate.collection.internal.PersistentSet.toString(PersistentSet.java:328) ~[hibernate-core-5.6.14.Final.jar:5.6.14.Final]
	at java.base/java.lang.StringConcatHelper.stringOf(StringConcatHelper.java:453) ~[na:na]
	at com.docker.initial.modal.exam.Category.toString(Category.java:14) ~[main/:na]
	at java.base/java.lang.StringConcatHelper.stringOf(StringConcatHelper.java:453) ~[na:na]
	at com.docker.initial.modal.exam.Quiz.toString(Quiz.java:12) ~[main/:na]
	at java.base/java.lang.String.valueOf(String.java:4216) ~[na:na]
	at java.base/java.lang.StringBuilder.append(StringBuilder.java:173) ~[na:na]
	at java.base/java.util.AbstractCollection.toString(AbstractCollection.java:457) ~[na:na]
	at org.hibernate.collection.internal.PersistentSet.toString(PersistentSet.java:328) ~[hibernate-core-5.6.14.Final.jar:5.6.14.Final]
	at java.base/java.lang.StringConcatHelper.stringOf(StringConcatHelper.java:453) ~[na:na]
	at com.docker.initial.modal.exam.Category.toString(Category.java:14) ~[main/:na]
	at java.base/java.lang.StringConcatHelper.stringOf(StringConcatHelper.java:453) ~[na:na]
	at com.docker.initial.modal.exam.Quiz.toString(Quiz.java:12) ~[main/:na]
	at java.base/java.lang.String.valueOf(String.java:4216) ~[na:na]
	at java.base/java.lang.StringBuilder.append(StringBuilder.java:173) ~[na:na]
	at java.base/java.util.AbstractCollection.toString(AbstractCollection.java:457) ~[na:na]
	at org.hibernate.collection.internal.PersistentSet.toString(PersistentSet.java:328) ~[hibernate-core-5.6.14.Final.jar:5.6.14.Final]
	at java.base/java.lang.StringConcatHelper.stringOf(StringConcatHelper.java:453) ~[na:na]
	at com.docker.initial.modal.exam.Category.toString(Category.java:14) ~[main/:na]
	at java.base/java.lang.StringConcatHelper.stringOf(StringConcatHelper.java:453) ~[na:na]
	at com.docker.initial.modal.exam.Quiz.toString(Quiz.java:12) ~[main/:na]
	at java.base/java.lang.String.valueOf(String.java:4216) ~[na:na]
	at java.base/java.lang.StringBuilder.append(StringBuilder.java:173) ~[na:na]
	at java.base/java.util.AbstractCollection.toString(AbstractCollection.java:457) ~[na:na]
	at org.hibernate.collection.internal.PersistentSet.toString(PersistentSet.java:328) ~[hibernate-core-5.6.14.Final.jar:5.6.14.Final]
	at java.base/java.lang.StringConcatHelper.stringOf(StringConcatHelper.java:453) ~[na:na]
	at com.docker.initial.modal.exam.Category.toString(Category.java:14) ~[main/:na]
	at java.base/java.lang.StringConcatHelper.stringOf(StringConcatHelper.java:453) ~[na:na]
	at com.docker.initial.modal.exam.Quiz.toString(Quiz.java:12) ~[main/:na]
	at java.base/java.lang.String.valueOf(String.java:4216) ~[na:na]
	at java.base/java.lang.StringBuilder.append(StringBuilder.java:173) ~[na:na]
	at java.base/java.util.AbstractCollection.toString(AbstractCollection.java:457) ~[na:na]
	at org.hibernate.collection.internal.PersistentSet.toString(PersistentSet.java:328) ~[hibernate-core-5.6.14.Final.jar:5.6.14.Final]
	at java.base/java.lang.StringConcatHelper.stringOf(StringConcatHelper.java:453) ~[na:na]
	at com.docker.initial.modal.exam.Category.toString(Category.java:14) ~[main/:na]
	at java.base/java.lang.StringConcatHelper.stringOf(StringConcatHelper.java:453) ~[na:na]
	at com.docker.initial.modal.exam.Quiz.toString(Quiz.java:12) ~[main/:na]
	at java.base/java.lang.String.valueOf(String.java:4216) ~[na:na]
	at java.base/java.lang.StringBuilder.append(StringBuilder.java:173) ~[na:na]
	at java.base/java.util.AbstractCollection.toString(AbstractCollection.java:457) ~[na:na]
	at org.hibernate.collection.internal.PersistentSet.toString(PersistentSet.java:328) ~[hibernate-core-5.6.14.Final.jar:5.6.14.Final]
	at java.base/java.lang.StringConcatHelper.stringOf(StringConcatHelper.java:453) ~[na:na]
	at com.docker.initial.modal.exam.Category.toString(Category.java:14) ~[main/:na]
	at java.base/java.lang.StringConcatHelper.stringOf(StringConcatHelper.java:453) ~[na:na]
	at com.docker.initial.modal.exam.Quiz.toString(Quiz.java:12) ~[main/:na]
	at java.base/java.lang.String.valueOf(String.java:4216) ~[na:na]
	at java.base/java.lang.StringBuilder.append(StringBuilder.java:173) ~[na:na]
	at java.base/java.util.AbstractCollection.toString(AbstractCollection.java:457) ~[na:na]
	at org.hibernate.collection.internal.PersistentSet.toString(PersistentSet.java:328) ~[hibernate-core-5.6.14.Final.jar:5.6.14.Final]
	at java.base/java.lang.StringConcatHelper.stringOf(StringConcatHelper.java:453) ~[na:na]
	at com.docker.initial.modal.exam.Category.toString(Category.java:14) ~[main/:na]
	at java.base/java.lang.StringConcatHelper.stringOf(StringConcatHelper.java:453) ~[na:na]
	at com.docker.initial.modal.exam.Quiz.toString(Quiz.java:12) ~[main/:na]
	at java.base/java.lang.String.valueOf(String.java:4216) ~[na:na]
	at java.base/java.lang.StringBuilder.append(StringBuilder.java:173) ~[na:na]
	at java.base/java.util.AbstractCollection.toString(AbstractCollection.java:457) ~[na:na]
	at org.hibernate.collection.internal.PersistentSet.toString(PersistentSet.java:328) ~[hibernate-core-5.6.14.Final.jar:5.6.14.Final]
	at java.base/java.lang.StringConcatHelper.stringOf(StringConcatHelper.java:453) ~[na:na]
	at com.docker.initial.modal.exam.Category.toString(Category.java:14) ~[main/:na]
	at java.base/java.lang.StringConcatHelper.stringOf(StringConcatHelper.java:453) ~[na:na]
	at com.docker.initial.modal.exam.Quiz.toString(Quiz.java:12) ~[main/:na]
	at java.base/java.lang.String.valueOf(String.java:4216) ~[na:na]
	at java.base/java.lang.StringBuilder.append(StringBuilder.java:173) ~[na:na]
	at java.base/java.util.AbstractCollection.toString(AbstractCollection.java:457) ~[na:na]
	at org.hibernate.collection.internal.PersistentSet.toString(PersistentSet.java:328) ~[hibernate-core-5.6.14.Final.jar:5.6.14.Final]
	at java.base/java.lang.StringConcatHelper.stringOf(StringConcatHelper.java:453) ~[na:na]
	at com.docker.initial.modal.exam.Category.toString(Category.java:14) ~[main/:na]
	at java.base/java.lang.StringConcatHelper.stringOf(StringConcatHelper.java:453) ~[na:na]
	at com.docker.initial.modal.exam.Quiz.toString(Quiz.java:12) ~[main/:na]
	at java.base/java.lang.String.valueOf(String.java:4216) ~[na:na]
	at java.base/java.lang.StringBuilder.append(StringBuilder.java:173) ~[na:na]
	at java.base/java.util.AbstractCollection.toString(AbstractCollection.java:457) ~[na:na]
	at org.hibernate.collection.internal.PersistentSet.toString(PersistentSet.java:328) ~[hibernate-core-5.6.14.Final.jar:5.6.14.Final]
	at java.base/java.lang.StringConcatHelper.stringOf(StringConcatHelper.java:453) ~[na:na]
	at com.docker.initial.modal.exam.Category.toString(Category.java:14) ~[main/:na]
	at java.base/java.lang.StringConcatHelper.stringOf(StringConcatHelper.java:453) ~[na:na]
	at com.docker.initial.modal.exam.Quiz.toString(Quiz.java:12) ~[main/:na]
	at java.base/java.lang.String.valueOf(String.java:4216) ~[na:na]
	at java.base/java.lang.StringBuilder.append(StringBuilder.java:173) ~[na:na]
	at java.base/java.util.AbstractCollection.toString(AbstractCollection.java:457) ~[na:na]
	at org.hibernate.collection.internal.PersistentSet.toString(PersistentSet.java:328) ~[hibernate-core-5.6.14.Final.jar:5.6.14.Final]
	at java.base/java.lang.StringConcatHelper.stringOf(StringConcatHelper.java:453) ~[na:na]
	at com.docker.initial.modal.exam.Category.toString(Category.java:14) ~[main/:na]
	at java.base/java.lang.StringConcatHelper.stringOf(StringConcatHelper.java:453) ~[na:na]
	at com.docker.initial.modal.exam.Quiz.toString(Quiz.java:12) ~[main/:na]
	at java.base/java.lang.String.valueOf(String.java:4216) ~[na:na]
	at java.base/java.lang.StringBuilder.append(StringBuilder.java:173) ~[na:na]
	at java.base/java.util.AbstractCollection.toString(AbstractCollection.java:457) ~[na:na]
	at org.hibernate.collection.internal.PersistentSet.toString(PersistentSet.java:328) ~[hibernate-core-5.6.14.Final.jar:5.6.14.Final]
	at java.base/java.lang.StringConcatHelper.stringOf(StringConcatHelper.java:453) ~[na:na]
	at com.docker.initial.modal.exam.Category.toString(Category.java:14) ~[main/:na]
	at java.base/java.lang.StringConcatHelper.stringOf(StringConcatHelper.java:453) ~[na:na]
	at com.docker.initial.modal.exam.Quiz.toString(Quiz.java:12) ~[main/:na]
	at java.base/java.lang.String.valueOf(String.java:4216) ~[na:na]
	at java.base/java.lang.StringBuilder.append(StringBuilder.java:173) ~[na:na]
	at java.base/java.util.AbstractCollection.toString(AbstractCollection.java:457) ~[na:na]
	at org.hibernate.collection.internal.PersistentSet.toString(PersistentSet.java:328) ~[hibernate-core-5.6.14.Final.jar:5.6.14.Final]
	at java.base/java.lang.StringConcatHelper.stringOf(StringConcatHelper.java:453) ~[na:na]
	at com.docker.initial.modal.exam.Category.toString(Category.java:14) ~[main/:na]
	at java.base/java.lang.StringConcatHelper.stringOf(StringConcatHelper.java:453) ~[na:na]
	at com.docker.initial.modal.exam.Quiz.toString(Quiz.java:12) ~[main/:na]
	at java.base/java.lang.String.valueOf(String.java:4216) ~[na:na]
	at java.base/java.lang.StringBuilder.append(StringBuilder.java:173) ~[na:na]
	at java.base/java.util.AbstractCollection.toString(AbstractCollection.java:457) ~[na:na]
	at org.hibernate.collection.internal.PersistentSet.toString(PersistentSet.java:328) ~[hibernate-core-5.6.14.Final.jar:5.6.14.Final]
	at java.base/java.lang.StringConcatHelper.stringOf(StringConcatHelper.java:453) ~[na:na]
	at com.docker.initial.modal.exam.Category.toString(Category.java:14) ~[main/:na]
	at java.base/java.lang.StringConcatHelper.stringOf(StringConcatHelper.java:453) ~[na:na]
	at com.docker.initial.modal.exam.Quiz.toString(Quiz.java:12) ~[main/:na]
	at java.base/java.lang.String.valueOf(String.java:4216) ~[na:na]
	at java.base/java.lang.StringBuilder.append(StringBuilder.java:173) ~[na:na]
	at java.base/java.util.AbstractCollection.toString(AbstractCollection.java:457) ~[na:na]
	at org.hibernate.collection.internal.PersistentSet.toString(PersistentSet.java:328) ~[hibernate-core-5.6.14.Final.jar:5.6.14.Final]
	at java.base/java.lang.StringConcatHelper.stringOf(StringConcatHelper.java:453) ~[na:na]
	at com.docker.initial.modal.exam.Category.toString(Category.java:14) ~[main/:na]
	at java.base/java.lang.StringConcatHelper.stringOf(StringConcatHelper.java:453) ~[na:na]
	at com.docker.initial.modal.exam.Quiz.toString(Quiz.java:12) ~[main/:na]
	at java.base/java.lang.String.valueOf(String.java:4216) ~[na:na]
	at java.base/java.lang.StringBuilder.append(StringBuilder.java:173) ~[na:na]
	at java.base/java.util.AbstractCollection.toString(AbstractCollection.java:457) ~[na:na]
	at org.hibernate.collection.internal.PersistentSet.toString(PersistentSet.java:328) ~[hibernate-core-5.6.14.Final.jar:5.6.14.Final]
	at java.base/java.lang.StringConcatHelper.stringOf(StringConcatHelper.java:453) ~[na:na]
	at com.docker.initial.modal.exam.Category.toString(Category.java:14) ~[main/:na]
	at java.base/java.lang.StringConcatHelper.stringOf(StringConcatHelper.java:453) ~[na:na]
	at com.docker.initial.modal.exam.Quiz.toString(Quiz.java:12) ~[main/:na]
	at java.base/java.lang.String.valueOf(String.java:4216) ~[na:na]
	at java.base/java.lang.StringBuilder.append(StringBuilder.java:173) ~[na:na]
	at java.base/java.util.AbstractCollection.toString(AbstractCollection.java:457) ~[na:na]
	at org.hibernate.collection.internal.PersistentSet.toString(PersistentSet.java:328) ~[hibernate-core-5.6.14.Final.jar:5.6.14.Final]
	at java.base/java.lang.StringConcatHelper.stringOf(StringConcatHelper.java:453) ~[na:na]
	at com.docker.initial.modal.exam.Category.toString(Category.java:14) ~[main/:na]
	at java.base/java.lang.StringConcatHelper.stringOf(StringConcatHelper.java:453) ~[na:na]
	at com.docker.initial.modal.exam.Quiz.toString(Quiz.java:12) ~[main/:na]
	at java.base/java.lang.String.valueOf(String.java:4216) ~[na:na]
	at java.base/java.lang.StringBuilder.append(StringBuilder.java:173) ~[na:na]
	at java.base/java.util.AbstractCollection.toString(AbstractCollection.java:457) ~[na:na]
	at org.hibernate.collection.internal.PersistentSet.toString(PersistentSet.java:328) ~[hibernate-core-5.6.14.Final.jar:5.6.14.Final]
	at java.base/java.lang.StringConcatHelper.stringOf(StringConcatHelper.java:453) ~[na:na]
	at com.docker.initial.modal.exam.Category.toString(Category.java:14) ~[main/:na]
	at java.base/java.lang.StringConcatHelper.stringOf(StringConcatHelper.java:453) ~[na:na]
	at com.docker.initial.modal.exam.Quiz.toString(Quiz.java:12) ~[main/:na]
	at java.base/java.lang.String.valueOf(String.java:4216) ~[na:na]
	at java.base/java.lang.StringBuilder.append(StringBuilder.java:173) ~[na:na]
	at java.base/java.util.AbstractCollection.toString(AbstractCollection.java:457) ~[na:na]
	at org.hibernate.collection.internal.PersistentSet.toString(PersistentSet.java:328) ~[hibernate-core-5.6.14.Final.jar:5.6.14.Final]
	at java.base/java.lang.StringConcatHelper.stringOf(StringConcatHelper.java:453) ~[na:na]
	at com.docker.initial.modal.exam.Category.toString(Category.java:14) ~[main/:na]
	at java.base/java.lang.StringConcatHelper.stringOf(StringConcatHelper.java:453) ~[na:na]
	at com.docker.initial.modal.exam.Quiz.toString(Quiz.java:12) ~[main/:na]
	at java.base/java.lang.String.valueOf(String.java:4216) ~[na:na]
	at java.base/java.lang.StringBuilder.append(StringBuilder.java:173) ~[na:na]
	at java.base/java.util.AbstractCollection.toString(AbstractCollection.java:457) ~[na:na]
	at org.hibernate.collection.internal.PersistentSet.toString(PersistentSet.java:328) ~[hibernate-core-5.6.14.Final.jar:5.6.14.Final]
	at java.base/java.lang.StringConcatHelper.stringOf(StringConcatHelper.java:453) ~[na:na]
	at com.docker.initial.modal.exam.Category.toString(Category.java:14) ~[main/:na]
	at java.base/java.lang.StringConcatHelper.stringOf(StringConcatHelper.java:453) ~[na:na]
	at com.docker.initial.modal.exam.Quiz.toString(Quiz.java:12) ~[main/:na]
	at java.base/java.lang.String.valueOf(String.java:4216) ~[na:na]
	at java.base/java.lang.StringBuilder.append(StringBuilder.java:173) ~[na:na]
	at java.base/java.util.AbstractCollection.toString(AbstractCollection.java:457) ~[na:na]
	at org.hibernate.collection.internal.PersistentSet.toString(PersistentSet.java:328) ~[hibernate-core-5.6.14.Final.jar:5.6.14.Final]
	at java.base/java.lang.StringConcatHelper.stringOf(StringConcatHelper.java:453) ~[na:na]
	at com.docker.initial.modal.exam.Category.toString(Category.java:14) ~[main/:na]
	at java.base/java.lang.StringConcatHelper.stringOf(StringConcatHelper.java:453) ~[na:na]
	at com.docker.initial.modal.exam.Quiz.toString(Quiz.java:12) ~[main/:na]
	at java.base/java.lang.String.valueOf(String.java:4216) ~[na:na]
	at java.base/java.lang.StringBuilder.append(StringBuilder.java:173) ~[na:na]
	at java.base/java.util.AbstractCollection.toString(AbstractCollection.java:457) ~[na:na]
	at org.hibernate.collection.internal.PersistentSet.toString(PersistentSet.java:328) ~[hibernate-core-5.6.14.Final.jar:5.6.14.Final]
	at java.base/java.lang.StringConcatHelper.stringOf(StringConcatHelper.java:453) ~[na:na]
	at com.docker.initial.modal.exam.Category.toString(Category.java:14) ~[main/:na]
	at java.base/java.lang.StringConcatHelper.stringOf(StringConcatHelper.java:453) ~[na:na]
	at com.docker.initial.modal.exam.Quiz.toString(Quiz.java:12) ~[main/:na]
	at java.base/java.lang.String.valueOf(String.java:4216) ~[na:na]
	at java.base/java.lang.StringBuilder.append(StringBuilder.java:173) ~[na:na]
	at java.base/java.util.AbstractCollection.toString(AbstractCollection.java:457) ~[na:na]
	at org.hibernate.collection.internal.PersistentSet.toString(PersistentSet.java:328) ~[hibernate-core-5.6.14.Final.jar:5.6.14.Final]
	at java.base/java.lang.StringConcatHelper.stringOf(StringConcatHelper.java:453) ~[na:na]
	at com.docker.initial.modal.exam.Category.toString(Category.java:14) ~[main/:na]
	at java.base/java.lang.StringConcatHelper.stringOf(StringConcatHelper.java:453) ~[na:na]
	at com.docker.initial.modal.exam.Quiz.toString(Quiz.java:12) ~[main/:na]
	at java.base/java.lang.String.valueOf(String.java:4216) ~[na:na]
	at java.base/java.lang.StringBuilder.append(StringBuilder.java:173) ~[na:na]
	at java.base/java.util.AbstractCollection.toString(AbstractCollection.java:457) ~[na:na]
	at org.hibernate.collection.internal.PersistentSet.toString(PersistentSet.java:328) ~[hibernate-core-5.6.14.Final.jar:5.6.14.Final]
	at java.base/java.lang.StringConcatHelper.stringOf(StringConcatHelper.java:453) ~[na:na]
	at com.docker.initial.modal.exam.Category.toString(Category.java:14) ~[main/:na]
	at java.base/java.lang.StringConcatHelper.stringOf(StringConcatHelper.java:453) ~[na:na]
	at com.docker.initial.modal.exam.Quiz.toString(Quiz.java:12) ~[main/:na]
	at java.base/java.lang.String.valueOf(String.java:4216) ~[na:na]
	at java.base/java.lang.StringBuilder.append(StringBuilder.java:173) ~[na:na]
	at java.base/java.util.AbstractCollection.toString(AbstractCollection.java:457) ~[na:na]
	at org.hibernate.collection.internal.PersistentSet.toString(PersistentSet.java:328) ~[hibernate-core-5.6.14.Final.jar:5.6.14.Final]
	at java.base/java.lang.StringConcatHelper.stringOf(StringConcatHelper.java:453) ~[na:na]
	at com.docker.initial.modal.exam.Category.toString(Category.java:14) ~[main/:na]
	at java.base/java.lang.StringConcatHelper.stringOf(StringConcatHelper.java:453) ~[na:na]
	at com.docker.initial.modal.exam.Quiz.toString(Quiz.java:12) ~[main/:na]
	at java.base/java.lang.String.valueOf(String.java:4216) ~[na:na]
	at java.base/java.lang.StringBuilder.append(StringBuilder.java:173) ~[na:na]
	at java.base/java.util.AbstractCollection.toString(AbstractCollection.java:457) ~[na:na]
	at org.hibernate.collection.internal.PersistentSet.toString(PersistentSet.java:328) ~[hibernate-core-5.6.14.Final.jar:5.6.14.Final]
	at java.base/java.lang.StringConcatHelper.stringOf(StringConcatHelper.java:453) ~[na:na]
	at com.docker.initial.modal.exam.Category.toString(Category.java:14) ~[main/:na]
	at java.base/java.lang.StringConcatHelper.stringOf(StringConcatHelper.java:453) ~[na:na]
	at com.docker.initial.modal.exam.Quiz.toString(Quiz.java:12) ~[main/:na]
	at java.base/java.lang.String.valueOf(String.java:4216) ~[na:na]
	at java.base/java.lang.StringBuilder.append(StringBuilder.java:173) ~[na:na]
	at java.base/java.util.AbstractCollection.toString(AbstractCollection.java:457) ~[na:na]
	at org.hibernate.collection.internal.PersistentSet.toString(PersistentSet.java:328) ~[hibernate-core-5.6.14.Final.jar:5.6.14.Final]
	at java.base/java.lang.StringConcatHelper.stringOf(StringConcatHelper.java:453) ~[na:na]
	at com.docker.initial.modal.exam.Category.toString(Category.java:14) ~[main/:na]
	at java.base/java.lang.StringConcatHelper.stringOf(StringConcatHelper.java:453) ~[na:na]
	at com.docker.initial.modal.exam.Quiz.toString(Quiz.java:12) ~[main/:na]
	at java.base/java.lang.String.valueOf(String.java:4216) ~[na:na]
	at java.base/java.lang.StringBuilder.append(StringBuilder.java:173) ~[na:na]
	at java.base/java.util.AbstractCollection.toString(AbstractCollection.java:457) ~[na:na]
	at org.hibernate.collection.internal.PersistentSet.toString(PersistentSet.java:328) ~[hibernate-core-5.6.14.Final.jar:5.6.14.Final]
	at java.base/java.lang.StringConcatHelper.stringOf(StringConcatHelper.java:453) ~[na:na]
	at com.docker.initial.modal.exam.Category.toString(Category.java:14) ~[main/:na]
	at java.base/java.lang.StringConcatHelper.stringOf(StringConcatHelper.java:453) ~[na:na]
	at com.docker.initial.modal.exam.Quiz.toString(Quiz.java:12) ~[main/:na]
	at java.base/java.lang.String.valueOf(String.java:4216) ~[na:na]
	at java.base/java.lang.StringBuilder.append(StringBuilder.java:173) ~[na:na]
	at java.base/java.util.AbstractCollection.toString(AbstractCollection.java:457) ~[na:na]
	at org.hibernate.collection.internal.PersistentSet.toString(PersistentSet.java:328) ~[hibernate-core-5.6.14.Final.jar:5.6.14.Final]
	at java.base/java.lang.StringConcatHelper.stringOf(StringConcatHelper.java:453) ~[na:na]
	at com.docker.initial.modal.exam.Category.toString(Category.java:14) ~[main/:na]
	at java.base/java.lang.StringConcatHelper.stringOf(StringConcatHelper.java:453) ~[na:na]
	at com.docker.initial.modal.exam.Quiz.toString(Quiz.java:12) ~[main/:na]
	at java.base/java.lang.String.valueOf(String.java:4216) ~[na:na]
	at java.base/java.lang.StringBuilder.append(StringBuilder.java:173) ~[na:na]
	at java.base/java.util.AbstractCollection.toString(AbstractCollection.java:457) ~[na:na]
	at org.hibernate.collection.internal.PersistentSet.toString(PersistentSet.java:328) ~[hibernate-core-5.6.14.Final.jar:5.6.14.Final]
	at java.base/java.lang.StringConcatHelper.stringOf(StringConcatHelper.java:453) ~[na:na]
	at com.docker.initial.modal.exam.Category.toString(Category.java:14) ~[main/:na]
	at java.base/java.lang.StringConcatHelper.stringOf(StringConcatHelper.java:453) ~[na:na]
	at com.docker.initial.modal.exam.Quiz.toString(Quiz.java:12) ~[main/:na]
	at java.base/java.lang.String.valueOf(String.java:4216) ~[na:na]
	at java.base/java.lang.StringBuilder.append(StringBuilder.java:173) ~[na:na]
	at java.base/java.util.AbstractCollection.toString(AbstractCollection.java:457) ~[na:na]
	at org.hibernate.collection.internal.PersistentSet.toString(PersistentSet.java:328) ~[hibernate-core-5.6.14.Final.jar:5.6.14.Final]
	at java.base/java.lang.StringConcatHelper.stringOf(StringConcatHelper.java:453) ~[na:na]
	at com.docker.initial.modal.exam.Category.toString(Category.java:14) ~[main/:na]
	at java.base/java.lang.StringConcatHelper.stringOf(StringConcatHelper.java:453) ~[na:na]
	at com.docker.initial.modal.exam.Quiz.toString(Quiz.java:12) ~[main/:na]
	at java.base/java.lang.String.valueOf(String.java:4216) ~[na:na]
	at java.base/java.lang.StringBuilder.append(StringBuilder.java:173) ~[na:na]
	at java.base/java.util.AbstractCollection.toString(AbstractCollection.java:457) ~[na:na]
	at org.hibernate.collection.internal.PersistentSet.toString(PersistentSet.java:328) ~[hibernate-core-5.6.14.Final.jar:5.6.14.Final]
	at java.base/java.lang.StringConcatHelper.stringOf(StringConcatHelper.java:453) ~[na:na]
	at com.docker.initial.modal.exam.Category.toString(Category.java:14) ~[main/:na]
	at java.base/java.lang.StringConcatHelper.stringOf(StringConcatHelper.java:453) ~[na:na]
	at com.docker.initial.modal.exam.Quiz.toString(Quiz.java:12) ~[main/:na]
	at java.base/java.lang.String.valueOf(String.java:4216) ~[na:na]
	at java.base/java.lang.StringBuilder.append(StringBuilder.java:173) ~[na:na]
	at java.base/java.util.AbstractCollection.toString(AbstractCollection.java:457) ~[na:na]
	at org.hibernate.collection.internal.PersistentSet.toString(PersistentSet.java:328) ~[hibernate-core-5.6.14.Final.jar:5.6.14.Final]
	at java.base/java.lang.StringConcatHelper.stringOf(StringConcatHelper.java:453) ~[na:na]
	at com.docker.initial.modal.exam.Category.toString(Category.java:14) ~[main/:na]
	at java.base/java.lang.StringConcatHelper.stringOf(StringConcatHelper.java:453) ~[na:na]
	at com.docker.initial.modal.exam.Quiz.toString(Quiz.java:12) ~[main/:na]
	at java.base/java.lang.String.valueOf(String.java:4216) ~[na:na]
	at java.base/java.lang.StringBuilder.append(StringBuilder.java:173) ~[na:na]
	at java.base/java.util.AbstractCollection.toString(AbstractCollection.java:457) ~[na:na]
	at org.hibernate.collection.internal.PersistentSet.toString(PersistentSet.java:328) ~[hibernate-core-5.6.14.Final.jar:5.6.14.Final]
	at java.base/java.lang.StringConcatHelper.stringOf(StringConcatHelper.java:453) ~[na:na]
	at com.docker.initial.modal.exam.Category.toString(Category.java:14) ~[main/:na]
	at java.base/java.lang.StringConcatHelper.stringOf(StringConcatHelper.java:453) ~[na:na]
	at com.docker.initial.modal.exam.Quiz.toString(Quiz.java:12) ~[main/:na]
	at java.base/java.lang.String.valueOf(String.java:4216) ~[na:na]
	at java.base/java.lang.StringBuilder.append(StringBuilder.java:173) ~[na:na]
	at java.base/java.util.AbstractCollection.toString(AbstractCollection.java:457) ~[na:na]
	at org.hibernate.collection.internal.PersistentSet.toString(PersistentSet.java:328) ~[hibernate-core-5.6.14.Final.jar:5.6.14.Final]
	at java.base/java.lang.StringConcatHelper.stringOf(StringConcatHelper.java:453) ~[na:na]
	at com.docker.initial.modal.exam.Category.toString(Category.java:14) ~[main/:na]
	at java.base/java.lang.StringConcatHelper.stringOf(StringConcatHelper.java:453) ~[na:na]
	at com.docker.initial.modal.exam.Quiz.toString(Quiz.java:12) ~[main/:na]
	at java.base/java.lang.String.valueOf(String.java:4216) ~[na:na]
	at java.base/java.lang.StringBuilder.append(StringBuilder.java:173) ~[na:na]
	at java.base/java.util.AbstractCollection.toString(AbstractCollection.java:457) ~[na:na]
	at org.hibernate.collection.internal.PersistentSet.toString(PersistentSet.java:328) ~[hibernate-core-5.6.14.Final.jar:5.6.14.Final]
	at java.base/java.lang.StringConcatHelper.stringOf(StringConcatHelper.java:453) ~[na:na]
	at com.docker.initial.modal.exam.Category.toString(Category.java:14) ~[main/:na]
	at java.base/java.lang.StringConcatHelper.stringOf(StringConcatHelper.java:453) ~[na:na]
	at com.docker.initial.modal.exam.Quiz.toString(Quiz.java:12) ~[main/:na]
	at java.base/java.lang.String.valueOf(String.java:4216) ~[na:na]
	at java.base/java.lang.StringBuilder.append(StringBuilder.java:173) ~[na:na]
	at java.base/java.util.AbstractCollection.toString(AbstractCollection.java:457) ~[na:na]
	at org.hibernate.collection.internal.PersistentSet.toString(PersistentSet.java:328) ~[hibernate-core-5.6.14.Final.jar:5.6.14.Final]
	at java.base/java.lang.StringConcatHelper.stringOf(StringConcatHelper.java:453) ~[na:na]
	at com.docker.initial.modal.exam.Category.toString(Category.java:14) ~[main/:na]
	at java.base/java.lang.StringConcatHelper.stringOf(StringConcatHelper.java:453) ~[na:na]
	at com.docker.initial.modal.exam.Quiz.toString(Quiz.java:12) ~[main/:na]
	at java.base/java.lang.String.valueOf(String.java:4216) ~[na:na]
	at java.base/java.lang.StringBuilder.append(StringBuilder.java:173) ~[na:na]
	at java.base/java.util.AbstractCollection.toString(AbstractCollection.java:457) ~[na:na]
	at org.hibernate.collection.internal.PersistentSet.toString(PersistentSet.java:328) ~[hibernate-core-5.6.14.Final.jar:5.6.14.Final]
	at java.base/java.lang.StringConcatHelper.stringOf(StringConcatHelper.java:453) ~[na:na]
	at com.docker.initial.modal.exam.Category.toString(Category.java:14) ~[main/:na]
	at java.base/java.lang.StringConcatHelper.stringOf(StringConcatHelper.java:453) ~[na:na]
	at com.docker.initial.modal.exam.Quiz.toString(Quiz.java:12) ~[main/:na]
	at java.base/java.lang.String.valueOf(String.java:4216) ~[na:na]
	at java.base/java.lang.StringBuilder.append(StringBuilder.java:173) ~[na:na]
	at java.base/java.util.AbstractCollection.toString(AbstractCollection.java:457) ~[na:na]
	at org.hibernate.collection.internal.PersistentSet.toString(PersistentSet.java:328) ~[hibernate-core-5.6.14.Final.jar:5.6.14.Final]
	at java.base/java.lang.StringConcatHelper.stringOf(StringConcatHelper.java:453) ~[na:na]
	at com.docker.initial.modal.exam.Category.toString(Category.java:14) ~[main/:na]
	at java.base/java.lang.StringConcatHelper.stringOf(StringConcatHelper.java:453) ~[na:na]
	at com.docker.initial.modal.exam.Quiz.toString(Quiz.java:12) ~[main/:na]
	at java.base/java.lang.String.valueOf(String.java:4216) ~[na:na]
	at java.base/java.lang.StringBuilder.append(StringBuilder.java:173) ~[na:na]
	at java.base/java.util.AbstractCollection.toString(AbstractCollection.java:457) ~[na:na]
	at org.hibernate.collection.internal.PersistentSet.toString(PersistentSet.java:328) ~[hibernate-core-5.6.14.Final.jar:5.6.14.Final]
	at java.base/java.lang.StringConcatHelper.stringOf(StringConcatHelper.java:453) ~[na:na]
	at com.docker.initial.modal.exam.Category.toString(Category.java:14) ~[main/:na]
	at java.base/java.lang.StringConcatHelper.stringOf(StringConcatHelper.java:453) ~[na:na]
	at com.docker.initial.modal.exam.Quiz.toString(Quiz.java:12) ~[main/:na]
	at java.base/java.lang.String.valueOf(String.java:4216) ~[na:na]
	at java.base/java.lang.StringBuilder.append(StringBuilder.java:173) ~[na:na]
	at java.base/java.util.AbstractCollection.toString(AbstractCollection.java:457) ~[na:na]
	at org.hibernate.collection.internal.PersistentSet.toString(PersistentSet.java:328) ~[hibernate-core-5.6.14.Final.jar:5.6.14.Final]
	at java.base/java.lang.StringConcatHelper.stringOf(StringConcatHelper.java:453) ~[na:na]
	at com.docker.initial.modal.exam.Category.toString(Category.java:14) ~[main/:na]
	at java.base/java.lang.StringConcatHelper.stringOf(StringConcatHelper.java:453) ~[na:na]
	at com.docker.initial.modal.exam.Quiz.toString(Quiz.java:12) ~[main/:na]
	at java.base/java.lang.String.valueOf(String.java:4216) ~[na:na]
	at java.base/java.lang.StringBuilder.append(StringBuilder.java:173) ~[na:na]
	at java.base/java.util.AbstractCollection.toString(AbstractCollection.java:457) ~[na:na]
	at org.hibernate.collection.internal.PersistentSet.toString(PersistentSet.java:328) ~[hibernate-core-5.6.14.Final.jar:5.6.14.Final]
	at java.base/java.lang.StringConcatHelper.stringOf(StringConcatHelper.java:453) ~[na:na]
	at com.docker.initial.modal.exam.Category.toString(Category.java:14) ~[main/:na]
	at java.base/java.lang.StringConcatHelper.stringOf(StringConcatHelper.java:453) ~[na:na]
	at com.docker.initial.modal.exam.Quiz.toString(Quiz.java:12) ~[main/:na]
	at java.base/java.lang.String.valueOf(String.java:4216) ~[na:na]
	at java.base/java.lang.StringBuilder.append(StringBuilder.java:173) ~[na:na]
	at java.base/java.util.AbstractCollection.toString(AbstractCollection.java:457) ~[na:na]
	at org.hibernate.collection.internal.PersistentSet.toString(PersistentSet.java:328) ~[hibernate-core-5.6.14.Final.jar:5.6.14.Final]
	at java.base/java.lang.StringConcatHelper.stringOf(StringConcatHelper.java:453) ~[na:na]
	at com.docker.initial.modal.exam.Category.toString(Category.java:14) ~[main/:na]
	at java.base/java.lang.StringConcatHelper.stringOf(StringConcatHelper.java:453) ~[na:na]
	at com.docker.initial.modal.exam.Quiz.toString(Quiz.java:12) ~[main/:na]
	at java.base/java.lang.String.valueOf(String.java:4216) ~[na:na]
	at java.base/java.lang.StringBuilder.append(StringBuilder.java:173) ~[na:na]
	at java.base/java.util.AbstractCollection.toString(AbstractCollection.java:457) ~[na:na]
	at org.hibernate.collection.internal.PersistentSet.toString(PersistentSet.java:328) ~[hibernate-core-5.6.14.Final.jar:5.6.14.Final]
	at java.base/java.lang.StringConcatHelper.stringOf(StringConcatHelper.java:453) ~[na:na]
	at com.docker.initial.modal.exam.Category.toString(Category.java:14) ~[main/:na]
	at java.base/java.lang.StringConcatHelper.stringOf(StringConcatHelper.java:453) ~[na:na]
	at com.docker.initial.modal.exam.Quiz.toString(Quiz.java:12) ~[main/:na]
	at java.base/java.lang.String.valueOf(String.java:4216) ~[na:na]
	at java.base/java.lang.StringBuilder.append(StringBuilder.java:173) ~[na:na]
	at java.base/java.util.AbstractCollection.toString(AbstractCollection.java:457) ~[na:na]
	at org.hibernate.collection.internal.PersistentSet.toString(PersistentSet.java:328) ~[hibernate-core-5.6.14.Final.jar:5.6.14.Final]
	at java.base/java.lang.StringConcatHelper.stringOf(StringConcatHelper.java:453) ~[na:na]
	at com.docker.initial.modal.exam.Category.toString(Category.java:14) ~[main/:na]
	at java.base/java.lang.StringConcatHelper.stringOf(StringConcatHelper.java:453) ~[na:na]
	at com.docker.initial.modal.exam.Quiz.toString(Quiz.java:12) ~[main/:na]
	at java.base/java.lang.String.valueOf(String.java:4216) ~[na:na]
	at java.base/java.lang.StringBuilder.append(StringBuilder.java:173) ~[na:na]
	at java.base/java.util.AbstractCollection.toString(AbstractCollection.java:457) ~[na:na]
	at org.hibernate.collection.internal.PersistentSet.toString(PersistentSet.java:328) ~[hibernate-core-5.6.14.Final.jar:5.6.14.Final]
	at java.base/java.lang.StringConcatHelper.stringOf(StringConcatHelper.java:453) ~[na:na]
	at com.docker.initial.modal.exam.Category.toString(Category.java:14) ~[main/:na]
	at java.base/java.lang.StringConcatHelper.stringOf(StringConcatHelper.java:453) ~[na:na]
	at com.docker.initial.modal.exam.Quiz.toString(Quiz.java:12) ~[main/:na]
	at java.base/java.lang.String.valueOf(String.java:4216) ~[na:na]
	at java.base/java.lang.StringBuilder.append(StringBuilder.java:173) ~[na:na]
	at java.base/java.util.AbstractCollection.toString(AbstractCollection.java:457) ~[na:na]
	at org.hibernate.collection.internal.PersistentSet.toString(PersistentSet.java:328) ~[hibernate-core-5.6.14.Final.jar:5.6.14.Final]
	at java.base/java.lang.StringConcatHelper.stringOf(StringConcatHelper.java:453) ~[na:na]
	at com.docker.initial.modal.exam.Category.toString(Category.java:14) ~[main/:na]
	at java.base/java.lang.StringConcatHelper.stringOf(StringConcatHelper.java:453) ~[na:na]
	at com.docker.initial.modal.exam.Quiz.toString(Quiz.java:12) ~[main/:na]
	at java.base/java.lang.String.valueOf(String.java:4216) ~[na:na]
	at java.base/java.lang.StringBuilder.append(StringBuilder.java:173) ~[na:na]
	at java.base/java.util.AbstractCollection.toString(AbstractCollection.java:457) ~[na:na]
	at org.hibernate.collection.internal.PersistentSet.toString(PersistentSet.java:328) ~[hibernate-core-5.6.14.Final.jar:5.6.14.Final]
	at java.base/java.lang.StringConcatHelper.stringOf(StringConcatHelper.java:453) ~[na:na]
	at com.docker.initial.modal.exam.Category.toString(Category.java:14) ~[main/:na]
	at java.base/java.lang.StringConcatHelper.stringOf(StringConcatHelper.java:453) ~[na:na]
	at com.docker.initial.modal.exam.Quiz.toString(Quiz.java:12) ~[main/:na]
	at java.base/java.lang.String.valueOf(String.java:4216) ~[na:na]
	at java.base/java.lang.StringBuilder.append(StringBuilder.java:173) ~[na:na]
	at java.base/java.util.AbstractCollection.toString(AbstractCollection.java:457) ~[na:na]
	at org.hibernate.collection.internal.PersistentSet.toString(PersistentSet.java:328) ~[hibernate-core-5.6.14.Final.jar:5.6.14.Final]
	at java.base/java.lang.StringConcatHelper.stringOf(StringConcatHelper.java:453) ~[na:na]
	at com.docker.initial.modal.exam.Category.toString(Category.java:14) ~[main/:na]
	at java.base/java.lang.StringConcatHelper.stringOf(StringConcatHelper.java:453) ~[na:na]
	at com.docker.initial.modal.exam.Quiz.toString(Quiz.java:12) ~[main/:na]
	at java.base/java.lang.String.valueOf(String.java:4216) ~[na:na]
	at java.base/java.lang.StringBuilder.append(StringBuilder.java:173) ~[na:na]
	at java.base/java.util.AbstractCollection.toString(AbstractCollection.java:457) ~[na:na]
	at org.hibernate.collection.internal.PersistentSet.toString(PersistentSet.java:328) ~[hibernate-core-5.6.14.Final.jar:5.6.14.Final]
	at java.base/java.lang.StringConcatHelper.stringOf(StringConcatHelper.java:453) ~[na:na]
	at com.docker.initial.modal.exam.Category.toString(Category.java:14) ~[main/:na]
	at java.base/java.lang.StringConcatHelper.stringOf(StringConcatHelper.java:453) ~[na:na]
	at com.docker.initial.modal.exam.Quiz.toString(Quiz.java:12) ~[main/:na]
	at java.base/java.lang.String.valueOf(String.java:4216) ~[na:na]
	at java.base/java.lang.StringBuilder.append(StringBuilder.java:173) ~[na:na]
	at java.base/java.util.AbstractCollection.toString(AbstractCollection.java:457) ~[na:na]
	at org.hibernate.collection.internal.PersistentSet.toString(PersistentSet.java:328) ~[hibernate-core-5.6.14.Final.jar:5.6.14.Final]
	at java.base/java.lang.StringConcatHelper.stringOf(StringConcatHelper.java:453) ~[na:na]
	at com.docker.initial.modal.exam.Category.toString(Category.java:14) ~[main/:na]
	at java.base/java.lang.StringConcatHelper.stringOf(StringConcatHelper.java:453) ~[na:na]
	at com.docker.initial.modal.exam.Quiz.toString(Quiz.java:12) ~[main/:na]
	at java.base/java.lang.String.valueOf(String.java:4216) ~[na:na]
	at java.base/java.lang.StringBuilder.append(StringBuilder.java:173) ~[na:na]
	at java.base/java.util.AbstractCollection.toString(AbstractCollection.java:457) ~[na:na]
	at org.hibernate.collection.internal.PersistentSet.toString(PersistentSet.java:328) ~[hibernate-core-5.6.14.Final.jar:5.6.14.Final]
	at java.base/java.lang.StringConcatHelper.stringOf(StringConcatHelper.java:453) ~[na:na]
	at com.docker.initial.modal.exam.Category.toString(Category.java:14) ~[main/:na]
	at java.base/java.lang.StringConcatHelper.stringOf(StringConcatHelper.java:453) ~[na:na]
	at com.docker.initial.modal.exam.Quiz.toString(Quiz.java:12) ~[main/:na]
	at java.base/java.lang.String.valueOf(String.java:4216) ~[na:na]
	at java.base/java.lang.StringBuilder.append(StringBuilder.java:173) ~[na:na]
	at java.base/java.util.AbstractCollection.toString(AbstractCollection.java:457) ~[na:na]
	at org.hibernate.collection.internal.PersistentSet.toString(PersistentSet.java:328) ~[hibernate-core-5.6.14.Final.jar:5.6.14.Final]
	at java.base/java.lang.StringConcatHelper.stringOf(StringConcatHelper.java:453) ~[na:na]
	at com.docker.initial.modal.exam.Category.toString(Category.java:14) ~[main/:na]
	at java.base/java.lang.StringConcatHelper.stringOf(StringConcatHelper.java:453) ~[na:na]
	at com.docker.initial.modal.exam.Quiz.toString(Quiz.java:12) ~[main/:na]
	at java.base/java.lang.String.valueOf(String.java:4216) ~[na:na]
	at java.base/java.lang.StringBuilder.append(StringBuilder.java:173) ~[na:na]
	at java.base/java.util.AbstractCollection.toString(AbstractCollection.java:457) ~[na:na]
	at org.hibernate.collection.internal.PersistentSet.toString(PersistentSet.java:328) ~[hibernate-core-5.6.14.Final.jar:5.6.14.Final]
	at java.base/java.lang.StringConcatHelper.stringOf(StringConcatHelper.java:453) ~[na:na]
	at com.docker.initial.modal.exam.Category.toString(Category.java:14) ~[main/:na]
	at java.base/java.lang.StringConcatHelper.stringOf(StringConcatHelper.java:453) ~[na:na]
	at com.docker.initial.modal.exam.Quiz.toString(Quiz.java:12) ~[main/:na]
	at java.base/java.lang.String.valueOf(String.java:4216) ~[na:na]
	at java.base/java.lang.StringBuilder.append(StringBuilder.java:173) ~[na:na]
	at java.base/java.util.AbstractCollection.toString(AbstractCollection.java:457) ~[na:na]
	at org.hibernate.collection.internal.PersistentSet.toString(PersistentSet.java:328) ~[hibernate-core-5.6.14.Final.jar:5.6.14.Final]
	at java.base/java.lang.StringConcatHelper.stringOf(StringConcatHelper.java:453) ~[na:na]
	at com.docker.initial.modal.exam.Category.toString(Category.java:14) ~[main/:na]
	at java.base/java.lang.StringConcatHelper.stringOf(StringConcatHelper.java:453) ~[na:na]
	at com.docker.initial.modal.exam.Quiz.toString(Quiz.java:12) ~[main/:na]
	at java.base/java.lang.String.valueOf(String.java:4216) ~[na:na]
	at java.base/java.lang.StringBuilder.append(StringBuilder.java:173) ~[na:na]
	at java.base/java.util.AbstractCollection.toString(AbstractCollection.java:457) ~[na:na]
	at org.hibernate.collection.internal.PersistentSet.toString(PersistentSet.java:328) ~[hibernate-core-5.6.14.Final.jar:5.6.14.Final]
	at java.base/java.lang.StringConcatHelper.stringOf(StringConcatHelper.java:453) ~[na:na]
	at com.docker.initial.modal.exam.Category.toString(Category.java:14) ~[main/:na]
	at java.base/java.lang.StringConcatHelper.stringOf(StringConcatHelper.java:453) ~[na:na]
	at com.docker.initial.modal.exam.Quiz.toString(Quiz.java:12) ~[main/:na]
	at java.base/java.lang.String.valueOf(String.java:4216) ~[na:na]
	at java.base/java.lang.StringBuilder.append(StringBuilder.java:173) ~[na:na]
	at java.base/java.util.AbstractCollection.toString(AbstractCollection.java:457) ~[na:na]
	at org.hibernate.collection.internal.PersistentSet.toString(PersistentSet.java:328) ~[hibernate-core-5.6.14.Final.jar:5.6.14.Final]
	at java.base/java.lang.StringConcatHelper.stringOf(StringConcatHelper.java:453) ~[na:na]
	at com.docker.initial.modal.exam.Category.toString(Category.java:14) ~[main/:na]
	at java.base/java.lang.StringConcatHelper.stringOf(StringConcatHelper.java:453) ~[na:na]
	at com.docker.initial.modal.exam.Quiz.toString(Quiz.java:12) ~[main/:na]
	at java.base/java.lang.String.valueOf(String.java:4216) ~[na:na]
	at java.base/java.lang.StringBuilder.append(StringBuilder.java:173) ~[na:na]
	at java.base/java.util.AbstractCollection.toString(AbstractCollection.java:457) ~[na:na]
	at org.hibernate.collection.internal.PersistentSet.toString(PersistentSet.java:328) ~[hibernate-core-5.6.14.Final.jar:5.6.14.Final]
	at java.base/java.lang.StringConcatHelper.stringOf(StringConcatHelper.java:453) ~[na:na]
	at com.docker.initial.modal.exam.Category.toString(Category.java:14) ~[main/:na]
	at java.base/java.lang.StringConcatHelper.stringOf(StringConcatHelper.java:453) ~[na:na]
	at com.docker.initial.modal.exam.Quiz.toString(Quiz.java:12) ~[main/:na]
	at java.base/java.lang.String.valueOf(String.java:4216) ~[na:na]
	at java.base/java.lang.StringBuilder.append(StringBuilder.java:173) ~[na:na]
	at java.base/java.util.AbstractCollection.toString(AbstractCollection.java:457) ~[na:na]
	at org.hibernate.collection.internal.PersistentSet.toString(PersistentSet.java:328) ~[hibernate-core-5.6.14.Final.jar:5.6.14.Final]
	at java.base/java.lang.StringConcatHelper.stringOf(StringConcatHelper.java:453) ~[na:na]
	at com.docker.initial.modal.exam.Category.toString(Category.java:14) ~[main/:na]
	at java.base/java.lang.StringConcatHelper.stringOf(StringConcatHelper.java:453) ~[na:na]
	at com.docker.initial.modal.exam.Quiz.toString(Quiz.java:12) ~[main/:na]
	at java.base/java.lang.String.valueOf(String.java:4216) ~[na:na]
	at java.base/java.lang.StringBuilder.append(StringBuilder.java:173) ~[na:na]
	at java.base/java.util.AbstractCollection.toString(AbstractCollection.java:457) ~[na:na]
	at org.hibernate.collection.internal.PersistentSet.toString(PersistentSet.java:328) ~[hibernate-core-5.6.14.Final.jar:5.6.14.Final]
	at java.base/java.lang.StringConcatHelper.stringOf(StringConcatHelper.java:453) ~[na:na]
	at com.docker.initial.modal.exam.Category.toString(Category.java:14) ~[main/:na]
	at java.base/java.lang.StringConcatHelper.stringOf(StringConcatHelper.java:453) ~[na:na]
	at com.docker.initial.modal.exam.Quiz.toString(Quiz.java:12) ~[main/:na]
	at java.base/java.lang.String.valueOf(String.java:4216) ~[na:na]
	at java.base/java.lang.StringBuilder.append(StringBuilder.java:173) ~[na:na]
	at java.base/java.util.AbstractCollection.toString(AbstractCollection.java:457) ~[na:na]
	at org.hibernate.collection.internal.PersistentSet.toString(PersistentSet.java:328) ~[hibernate-core-5.6.14.Final.jar:5.6.14.Final]
	at java.base/java.lang.StringConcatHelper.stringOf(StringConcatHelper.java:453) ~[na:na]
	at com.docker.initial.modal.exam.Category.toString(Category.java:14) ~[main/:na]
	at java.base/java.lang.StringConcatHelper.stringOf(StringConcatHelper.java:453) ~[na:na]
	at com.docker.initial.modal.exam.Quiz.toString(Quiz.java:12) ~[main/:na]
	at java.base/java.lang.String.valueOf(String.java:4216) ~[na:na]
	at java.base/java.lang.StringBuilder.append(StringBuilder.java:173) ~[na:na]
	at java.base/java.util.AbstractCollection.toString(AbstractCollection.java:457) ~[na:na]
	at org.hibernate.collection.internal.PersistentSet.toString(PersistentSet.java:328) ~[hibernate-core-5.6.14.Final.jar:5.6.14.Final]
	at java.base/java.lang.StringConcatHelper.stringOf(StringConcatHelper.java:453) ~[na:na]
	at com.docker.initial.modal.exam.Category.toString(Category.java:14) ~[main/:na]
	at java.base/java.lang.StringConcatHelper.stringOf(StringConcatHelper.java:453) ~[na:na]
	at com.docker.initial.modal.exam.Quiz.toString(Quiz.java:12) ~[main/:na]
	at java.base/java.lang.String.valueOf(String.java:4216) ~[na:na]
	at java.base/java.lang.StringBuilder.append(StringBuilder.java:173) ~[na:na]
	at java.base/java.util.AbstractCollection.toString(AbstractCollection.java:457) ~[na:na]
	at org.hibernate.collection.internal.PersistentSet.toString(PersistentSet.java:328) ~[hibernate-core-5.6.14.Final.jar:5.6.14.Final]
	at java.base/java.lang.StringConcatHelper.stringOf(StringConcatHelper.java:453) ~[na:na]
	at com.docker.initial.modal.exam.Category.toString(Category.java:14) ~[main/:na]
	at java.base/java.lang.StringConcatHelper.stringOf(StringConcatHelper.java:453) ~[na:na]
	at com.docker.initial.modal.exam.Quiz.toString(Quiz.java:12) ~[main/:na]
	at java.base/java.lang.String.valueOf(String.java:4216) ~[na:na]
	at java.base/java.lang.StringBuilder.append(StringBuilder.java:173) ~[na:na]
	at java.base/java.util.AbstractCollection.toString(AbstractCollection.java:457) ~[na:na]
	at org.hibernate.collection.internal.PersistentSet.toString(PersistentSet.java:328) ~[hibernate-core-5.6.14.Final.jar:5.6.14.Final]
	at java.base/java.lang.StringConcatHelper.stringOf(StringConcatHelper.java:453) ~[na:na]
	at com.docker.initial.modal.exam.Category.toString(Category.java:14) ~[main/:na]
	at java.base/java.lang.StringConcatHelper.stringOf(StringConcatHelper.java:453) ~[na:na]
	at com.docker.initial.modal.exam.Quiz.toString(Quiz.java:12) ~[main/:na]
	at java.base/java.lang.String.valueOf(String.java:4216) ~[na:na]
	at java.base/java.lang.StringBuilder.append(StringBuilder.java:173) ~[na:na]
	at java.base/java.util.AbstractCollection.toString(AbstractCollection.java:457) ~[na:na]
	at org.hibernate.collection.internal.PersistentSet.toString(PersistentSet.java:328) ~[hibernate-core-5.6.14.Final.jar:5.6.14.Final]
	at java.base/java.lang.StringConcatHelper.stringOf(StringConcatHelper.java:453) ~[na:na]
	at com.docker.initial.modal.exam.Category.toString(Category.java:14) ~[main/:na]
	at java.base/java.lang.StringConcatHelper.stringOf(StringConcatHelper.java:453) ~[na:na]
	at com.docker.initial.modal.exam.Quiz.toString(Quiz.java:12) ~[main/:na]
	at java.base/java.lang.String.valueOf(String.java:4216) ~[na:na]
	at java.base/java.lang.StringBuilder.append(StringBuilder.java:173) ~[na:na]
	at java.base/java.util.AbstractCollection.toString(AbstractCollection.java:457) ~[na:na]
	at org.hibernate.collection.internal.PersistentSet.toString(PersistentSet.java:328) ~[hibernate-core-5.6.14.Final.jar:5.6.14.Final]
	at java.base/java.lang.StringConcatHelper.stringOf(StringConcatHelper.java:453) ~[na:na]
	at com.docker.initial.modal.exam.Category.toString(Category.java:14) ~[main/:na]
	at java.base/java.lang.StringConcatHelper.stringOf(StringConcatHelper.java:453) ~[na:na]
	at com.docker.initial.modal.exam.Quiz.toString(Quiz.java:12) ~[main/:na]
	at java.base/java.lang.String.valueOf(String.java:4216) ~[na:na]
	at java.base/java.lang.StringBuilder.append(StringBuilder.java:173) ~[na:na]
	at java.base/java.util.AbstractCollection.toString(AbstractCollection.java:457) ~[na:na]
	at org.hibernate.collection.internal.PersistentSet.toString(PersistentSet.java:328) ~[hibernate-core-5.6.14.Final.jar:5.6.14.Final]
	at java.base/java.lang.StringConcatHelper.stringOf(StringConcatHelper.java:453) ~[na:na]
	at com.docker.initial.modal.exam.Category.toString(Category.java:14) ~[main/:na]
	at java.base/java.lang.StringConcatHelper.stringOf(StringConcatHelper.java:453) ~[na:na]
	at com.docker.initial.modal.exam.Quiz.toString(Quiz.java:12) ~[main/:na]
	at java.base/java.lang.String.valueOf(String.java:4216) ~[na:na]
	at java.base/java.lang.StringBuilder.append(StringBuilder.java:173) ~[na:na]
	at java.base/java.util.AbstractCollection.toString(AbstractCollection.java:457) ~[na:na]
	at org.hibernate.collection.internal.PersistentSet.toString(PersistentSet.java:328) ~[hibernate-core-5.6.14.Final.jar:5.6.14.Final]
	at java.base/java.lang.StringConcatHelper.stringOf(StringConcatHelper.java:453) ~[na:na]
	at com.docker.initial.modal.exam.Category.toString(Category.java:14) ~[main/:na]
	at java.base/java.lang.StringConcatHelper.stringOf(StringConcatHelper.java:453) ~[na:na]
	at com.docker.initial.modal.exam.Quiz.toString(Quiz.java:12) ~[main/:na]
	at java.base/java.lang.String.valueOf(String.java:4216) ~[na:na]
	at java.base/java.lang.StringBuilder.append(StringBuilder.java:173) ~[na:na]
	at java.base/java.util.AbstractCollection.toString(AbstractCollection.java:457) ~[na:na]
	at org.hibernate.collection.internal.PersistentSet.toString(PersistentSet.java:328) ~[hibernate-core-5.6.14.Final.jar:5.6.14.Final]
	at java.base/java.lang.StringConcatHelper.stringOf(StringConcatHelper.java:453) ~[na:na]
	at com.docker.initial.modal.exam.Category.toString(Category.java:14) ~[main/:na]
	at java.base/java.lang.StringConcatHelper.stringOf(StringConcatHelper.java:453) ~[na:na]
	at com.docker.initial.modal.exam.Quiz.toString(Quiz.java:12) ~[main/:na]
	at java.base/java.lang.String.valueOf(String.java:4216) ~[na:na]
	at java.base/java.lang.StringBuilder.append(StringBuilder.java:173) ~[na:na]
	at java.base/java.util.AbstractCollection.toString(AbstractCollection.java:457) ~[na:na]
	at org.hibernate.collection.internal.PersistentSet.toString(PersistentSet.java:328) ~[hibernate-core-5.6.14.Final.jar:5.6.14.Final]
	at java.base/java.lang.StringConcatHelper.stringOf(StringConcatHelper.java:453) ~[na:na]
	at com.docker.initial.modal.exam.Category.toString(Category.java:14) ~[main/:na]
	at java.base/java.lang.StringConcatHelper.stringOf(StringConcatHelper.java:453) ~[na:na]
	at com.docker.initial.modal.exam.Quiz.toString(Quiz.java:12) ~[main/:na]
	at java.base/java.lang.String.valueOf(String.java:4216) ~[na:na]
	at java.base/java.lang.StringBuilder.append(StringBuilder.java:173) ~[na:na]
	at java.base/java.util.AbstractCollection.toString(AbstractCollection.java:457) ~[na:na]
	at org.hibernate.collection.internal.PersistentSet.toString(PersistentSet.java:328) ~[hibernate-core-5.6.14.Final.jar:5.6.14.Final]
	at java.base/java.lang.StringConcatHelper.stringOf(StringConcatHelper.java:453) ~[na:na]
	at com.docker.initial.modal.exam.Category.toString(Category.java:14) ~[main/:na]
	at java.base/java.lang.StringConcatHelper.stringOf(StringConcatHelper.java:453) ~[na:na]
	at com.docker.initial.modal.exam.Quiz.toString(Quiz.java:12) ~[main/:na]
	at java.base/java.lang.String.valueOf(String.java:4216) ~[na:na]
	at java.base/java.lang.StringBuilder.append(StringBuilder.java:173) ~[na:na]
	at java.base/java.util.AbstractCollection.toString(AbstractCollection.java:457) ~[na:na]
	at org.hibernate.collection.internal.PersistentSet.toString(PersistentSet.java:328) ~[hibernate-core-5.6.14.Final.jar:5.6.14.Final]
	at java.base/java.lang.StringConcatHelper.stringOf(StringConcatHelper.java:453) ~[na:na]
	at com.docker.initial.modal.exam.Category.toString(Category.java:14) ~[main/:na]
	at java.base/java.lang.StringConcatHelper.stringOf(StringConcatHelper.java:453) ~[na:na]
	at com.docker.initial.modal.exam.Quiz.toString(Quiz.java:12) ~[main/:na]
	at java.base/java.lang.String.valueOf(String.java:4216) ~[na:na]
	at java.base/java.lang.StringBuilder.append(StringBuilder.java:173) ~[na:na]
	at java.base/java.util.AbstractCollection.toString(AbstractCollection.java:457) ~[na:na]
	at org.hibernate.collection.internal.PersistentSet.toString(PersistentSet.java:328) ~[hibernate-core-5.6.14.Final.jar:5.6.14.Final]
	at java.base/java.lang.StringConcatHelper.stringOf(StringConcatHelper.java:453) ~[na:na]
	at com.docker.initial.modal.exam.Category.toString(Category.java:14) ~[main/:na]
	at java.base/java.lang.StringConcatHelper.stringOf(StringConcatHelper.java:453) ~[na:na]
	at com.docker.initial.modal.exam.Quiz.toString(Quiz.java:12) ~[main/:na]
	at java.base/java.lang.String.valueOf(String.java:4216) ~[na:na]
	at java.base/java.lang.StringBuilder.append(StringBuilder.java:173) ~[na:na]
	at java.base/java.util.AbstractCollection.toString(AbstractCollection.java:457) ~[na:na]
	at org.hibernate.collection.internal.PersistentSet.toString(PersistentSet.java:328) ~[hibernate-core-5.6.14.Final.jar:5.6.14.Final]
	at java.base/java.lang.StringConcatHelper.stringOf(StringConcatHelper.java:453) ~[na:na]
	at com.docker.initial.modal.exam.Category.toString(Category.java:14) ~[main/:na]
	at java.base/java.lang.StringConcatHelper.stringOf(StringConcatHelper.java:453) ~[na:na]
	at com.docker.initial.modal.exam.Quiz.toString(Quiz.java:12) ~[main/:na]
	at java.base/java.lang.String.valueOf(String.java:4216) ~[na:na]
	at java.base/java.lang.StringBuilder.append(StringBuilder.java:173) ~[na:na]
	at java.base/java.util.AbstractCollection.toString(AbstractCollection.java:457) ~[na:na]
	at org.hibernate.collection.internal.PersistentSet.toString(PersistentSet.java:328) ~[hibernate-core-5.6.14.Final.jar:5.6.14.Final]
	at java.base/java.lang.StringConcatHelper.stringOf(StringConcatHelper.java:453) ~[na:na]
	at com.docker.initial.modal.exam.Category.toString(Category.java:14) ~[main/:na]
	at java.base/java.lang.StringConcatHelper.stringOf(StringConcatHelper.java:453) ~[na:na]
	at com.docker.initial.modal.exam.Quiz.toString(Quiz.java:12) ~[main/:na]
	at java.base/java.lang.String.valueOf(String.java:4216) ~[na:na]
	at java.base/java.lang.StringBuilder.append(StringBuilder.java:173) ~[na:na]
	at java.base/java.util.AbstractCollection.toString(AbstractCollection.java:457) ~[na:na]
	at org.hibernate.collection.internal.PersistentSet.toString(PersistentSet.java:328) ~[hibernate-core-5.6.14.Final.jar:5.6.14.Final]
	at java.base/java.lang.StringConcatHelper.stringOf(StringConcatHelper.java:453) ~[na:na]
	at com.docker.initial.modal.exam.Category.toString(Category.java:14) ~[main/:na]
	at java.base/java.lang.StringConcatHelper.stringOf(StringConcatHelper.java:453) ~[na:na]
	at com.docker.initial.modal.exam.Quiz.toString(Quiz.java:12) ~[main/:na]
	at java.base/java.lang.String.valueOf(String.java:4216) ~[na:na]
	at java.base/java.lang.StringBuilder.append(StringBuilder.java:173) ~[na:na]
	at java.base/java.util.AbstractCollection.toString(AbstractCollection.java:457) ~[na:na]
	at org.hibernate.collection.internal.PersistentSet.toString(PersistentSet.java:328) ~[hibernate-core-5.6.14.Final.jar:5.6.14.Final]
	at java.base/java.lang.StringConcatHelper.stringOf(StringConcatHelper.java:453) ~[na:na]
	at com.docker.initial.modal.exam.Category.toString(Category.java:14) ~[main/:na]
	at java.base/java.lang.StringConcatHelper.stringOf(StringConcatHelper.java:453) ~[na:na]
	at com.docker.initial.modal.exam.Quiz.toString(Quiz.java:12) ~[main/:na]
	at java.base/java.lang.String.valueOf(String.java:4216) ~[na:na]
	at java.base/java.lang.StringBuilder.append(StringBuilder.java:173) ~[na:na]
	at java.base/java.util.AbstractCollection.toString(AbstractCollection.java:457) ~[na:na]
	at org.hibernate.collection.internal.PersistentSet.toString(PersistentSet.java:328) ~[hibernate-core-5.6.14.Final.jar:5.6.14.Final]
	at java.base/java.lang.StringConcatHelper.stringOf(StringConcatHelper.java:453) ~[na:na]
	at com.docker.initial.modal.exam.Category.toString(Category.java:14) ~[main/:na]
	at java.base/java.lang.StringConcatHelper.stringOf(StringConcatHelper.java:453) ~[na:na]
	at com.docker.initial.modal.exam.Quiz.toString(Quiz.java:12) ~[main/:na]
	at java.base/java.lang.String.valueOf(String.java:4216) ~[na:na]
	at java.base/java.lang.StringBuilder.append(StringBuilder.java:173) ~[na:na]
	at java.base/java.util.AbstractCollection.toString(AbstractCollection.java:457) ~[na:na]
	at org.hibernate.collection.internal.PersistentSet.toString(PersistentSet.java:328) ~[hibernate-core-5.6.14.Final.jar:5.6.14.Final]
	at java.base/java.lang.StringConcatHelper.stringOf(StringConcatHelper.java:453) ~[na:na]
	at com.docker.initial.modal.exam.Category.toString(Category.java:14) ~[main/:na]
	at java.base/java.lang.StringConcatHelper.stringOf(StringConcatHelper.java:453) ~[na:na]
	at com.docker.initial.modal.exam.Quiz.toString(Quiz.java:12) ~[main/:na]
	at java.base/java.lang.String.valueOf(String.java:4216) ~[na:na]
	at java.base/java.lang.StringBuilder.append(StringBuilder.java:173) ~[na:na]
	at java.base/java.util.AbstractCollection.toString(AbstractCollection.java:457) ~[na:na]
	at org.hibernate.collection.internal.PersistentSet.toString(PersistentSet.java:328) ~[hibernate-core-5.6.14.Final.jar:5.6.14.Final]
	at java.base/java.lang.StringConcatHelper.stringOf(StringConcatHelper.java:453) ~[na:na]
	at com.docker.initial.modal.exam.Category.toString(Category.java:14) ~[main/:na]
	at java.base/java.lang.StringConcatHelper.stringOf(StringConcatHelper.java:453) ~[na:na]
	at com.docker.initial.modal.exam.Quiz.toString(Quiz.java:12) ~[main/:na]
	at java.base/java.lang.String.valueOf(String.java:4216) ~[na:na]
	at java.base/java.lang.StringBuilder.append(StringBuilder.java:173) ~[na:na]
	at java.base/java.util.AbstractCollection.toString(AbstractCollection.java:457) ~[na:na]
	at org.hibernate.collection.internal.PersistentSet.toString(PersistentSet.java:328) ~[hibernate-core-5.6.14.Final.jar:5.6.14.Final]
	at java.base/java.lang.StringConcatHelper.stringOf(StringConcatHelper.java:453) ~[na:na]
	at com.docker.initial.modal.exam.Category.toString(Category.java:14) ~[main/:na]
	at java.base/java.lang.StringConcatHelper.stringOf(StringConcatHelper.java:453) ~[na:na]
	at com.docker.initial.modal.exam.Quiz.toString(Quiz.java:12) ~[main/:na]
	at java.base/java.lang.String.valueOf(String.java:4216) ~[na:na]
	at java.base/java.lang.StringBuilder.append(StringBuilder.java:173) ~[na:na]
	at java.base/java.util.AbstractCollection.toString(AbstractCollection.java:457) ~[na:na]
	at org.hibernate.collection.internal.PersistentSet.toString(PersistentSet.java:328) ~[hibernate-core-5.6.14.Final.jar:5.6.14.Final]
	at java.base/java.lang.StringConcatHelper.stringOf(StringConcatHelper.java:453) ~[na:na]
	at com.docker.initial.modal.exam.Category.toString(Category.java:14) ~[main/:na]
	at java.base/java.lang.StringConcatHelper.stringOf(StringConcatHelper.java:453) ~[na:na]
	at com.docker.initial.modal.exam.Quiz.toString(Quiz.java:12) ~[main/:na]
	at java.base/java.lang.String.valueOf(String.java:4216) ~[na:na]
	at java.base/java.lang.StringBuilder.append(StringBuilder.java:173) ~[na:na]
	at java.base/java.util.AbstractCollection.toString(AbstractCollection.java:457) ~[na:na]
	at org.hibernate.collection.internal.PersistentSet.toString(PersistentSet.java:328) ~[hibernate-core-5.6.14.Final.jar:5.6.14.Final]
	at java.base/java.lang.StringConcatHelper.stringOf(StringConcatHelper.java:453) ~[na:na]
	at com.docker.initial.modal.exam.Category.toString(Category.java:14) ~[main/:na]
	at java.base/java.lang.StringConcatHelper.stringOf(StringConcatHelper.java:453) ~[na:na]
	at com.docker.initial.modal.exam.Quiz.toString(Quiz.java:12) ~[main/:na]
	at java.base/java.lang.String.valueOf(String.java:4216) ~[na:na]
	at java.base/java.lang.StringBuilder.append(StringBuilder.java:173) ~[na:na]
	at java.base/java.util.AbstractCollection.toString(AbstractCollection.java:457) ~[na:na]
	at org.hibernate.collection.internal.PersistentSet.toString(PersistentSet.java:328) ~[hibernate-core-5.6.14.Final.jar:5.6.14.Final]
	at java.base/java.lang.StringConcatHelper.stringOf(StringConcatHelper.java:453) ~[na:na]
	at com.docker.initial.modal.exam.Category.toString(Category.java:14) ~[main/:na]
	at java.base/java.lang.StringConcatHelper.stringOf(StringConcatHelper.java:453) ~[na:na]
	at com.docker.initial.modal.exam.Quiz.toString(Quiz.java:12) ~[main/:na]
	at java.base/java.lang.String.valueOf(String.java:4216) ~[na:na]
	at java.base/java.lang.StringBuilder.append(StringBuilder.java:173) ~[na:na]
	at java.base/java.util.AbstractCollection.toString(AbstractCollection.java:457) ~[na:na]
	at org.hibernate.collection.internal.PersistentSet.toString(PersistentSet.java:328) ~[hibernate-core-5.6.14.Final.jar:5.6.14.Final]
	at java.base/java.lang.StringConcatHelper.stringOf(StringConcatHelper.java:453) ~[na:na]
	at com.docker.initial.modal.exam.Category.toString(Category.java:14) ~[main/:na]
	at java.base/java.lang.StringConcatHelper.stringOf(StringConcatHelper.java:453) ~[na:na]
	at com.docker.initial.modal.exam.Quiz.toString(Quiz.java:12) ~[main/:na]
	at java.base/java.lang.String.valueOf(String.java:4216) ~[na:na]
	at java.base/java.lang.StringBuilder.append(StringBuilder.java:173) ~[na:na]
	at java.base/java.util.AbstractCollection.toString(AbstractCollection.java:457) ~[na:na]
	at org.hibernate.collection.internal.PersistentSet.toString(PersistentSet.java:328) ~[hibernate-core-5.6.14.Final.jar:5.6.14.Final]
	at java.base/java.lang.StringConcatHelper.stringOf(StringConcatHelper.java:453) ~[na:na]
	at com.docker.initial.modal.exam.Category.toString(Category.java:14) ~[main/:na]
	at java.base/java.lang.StringConcatHelper.stringOf(StringConcatHelper.java:453) ~[na:na]
	at com.docker.initial.modal.exam.Quiz.toString(Quiz.java:12) ~[main/:na]
	at java.base/java.lang.String.valueOf(String.java:4216) ~[na:na]
	at java.base/java.lang.StringBuilder.append(StringBuilder.java:173) ~[na:na]
	at java.base/java.util.AbstractCollection.toString(AbstractCollection.java:457) ~[na:na]
	at org.hibernate.collection.internal.PersistentSet.toString(PersistentSet.java:328) ~[hibernate-core-5.6.14.Final.jar:5.6.14.Final]
	at java.base/java.lang.StringConcatHelper.stringOf(StringConcatHelper.java:453) ~[na:na]
	at com.docker.initial.modal.exam.Category.toString(Category.java:14) ~[main/:na]
	at java.base/java.lang.StringConcatHelper.stringOf(StringConcatHelper.java:453) ~[na:na]
	at com.docker.initial.modal.exam.Quiz.toString(Quiz.java:12) ~[main/:na]
	at java.base/java.lang.String.valueOf(String.java:4216) ~[na:na]
	at java.base/java.lang.StringBuilder.append(StringBuilder.java:173) ~[na:na]
	at java.base/java.util.AbstractCollection.toString(AbstractCollection.java:457) ~[na:na]
	at org.hibernate.collection.internal.PersistentSet.toString(PersistentSet.java:328) ~[hibernate-core-5.6.14.Final.jar:5.6.14.Final]
	at java.base/java.lang.StringConcatHelper.stringOf(StringConcatHelper.java:453) ~[na:na]
	at com.docker.initial.modal.exam.Category.toString(Category.java:14) ~[main/:na]
	at java.base/java.lang.StringConcatHelper.stringOf(StringConcatHelper.java:453) ~[na:na]
	at com.docker.initial.modal.exam.Quiz.toString(Quiz.java:12) ~[main/:na]
	at java.base/java.lang.String.valueOf(String.java:4216) ~[na:na]
	at java.base/java.lang.StringBuilder.append(StringBuilder.java:173) ~[na:na]
	at java.base/java.util.AbstractCollection.toString(AbstractCollection.java:457) ~[na:na]
	at org.hibernate.collection.internal.PersistentSet.toString(PersistentSet.java:328) ~[hibernate-core-5.6.14.Final.jar:5.6.14.Final]
	at java.base/java.lang.StringConcatHelper.stringOf(StringConcatHelper.java:453) ~[na:na]
	at com.docker.initial.modal.exam.Category.toString(Category.java:14) ~[main/:na]
	at java.base/java.lang.StringConcatHelper.stringOf(StringConcatHelper.java:453) ~[na:na]
	at com.docker.initial.modal.exam.Quiz.toString(Quiz.java:12) ~[main/:na]
	at java.base/java.lang.String.valueOf(String.java:4216) ~[na:na]
	at java.base/java.lang.StringBuilder.append(StringBuilder.java:173) ~[na:na]
	at java.base/java.util.AbstractCollection.toString(AbstractCollection.java:457) ~[na:na]
	at org.hibernate.collection.internal.PersistentSet.toString(PersistentSet.java:328) ~[hibernate-core-5.6.14.Final.jar:5.6.14.Final]
	at java.base/java.lang.StringConcatHelper.stringOf(StringConcatHelper.java:453) ~[na:na]
	at com.docker.initial.modal.exam.Category.toString(Category.java:14) ~[main/:na]
	at java.base/java.lang.StringConcatHelper.stringOf(StringConcatHelper.java:453) ~[na:na]
	at com.docker.initial.modal.exam.Quiz.toString(Quiz.java:12) ~[main/:na]
	at java.base/java.lang.String.valueOf(String.java:4216) ~[na:na]
	at java.base/java.lang.StringBuilder.append(StringBuilder.java:173) ~[na:na]
	at java.base/java.util.AbstractCollection.toString(AbstractCollection.java:457) ~[na:na]
	at org.hibernate.collection.internal.PersistentSet.toString(PersistentSet.java:328) ~[hibernate-core-5.6.14.Final.jar:5.6.14.Final]
	at java.base/java.lang.StringConcatHelper.stringOf(StringConcatHelper.java:453) ~[na:na]
	at com.docker.initial.modal.exam.Category.toString(Category.java:14) ~[main/:na]
	at java.base/java.lang.StringConcatHelper.stringOf(StringConcatHelper.java:453) ~[na:na]
	at com.docker.initial.modal.exam.Quiz.toString(Quiz.java:12) ~[main/:na]
	at java.base/java.lang.String.valueOf(String.java:4216) ~[na:na]
	at java.base/java.lang.StringBuilder.append(StringBuilder.java:173) ~[na:na]
	at java.base/java.util.AbstractCollection.toString(AbstractCollection.java:457) ~[na:na]
	at org.hibernate.collection.internal.PersistentSet.toString(PersistentSet.java:328) ~[hibernate-core-5.6.14.Final.jar:5.6.14.Final]
	at java.base/java.lang.StringConcatHelper.stringOf(StringConcatHelper.java:453) ~[na:na]
	at com.docker.initial.modal.exam.Category.toString(Category.java:14) ~[main/:na]
	at java.base/java.lang.StringConcatHelper.stringOf(StringConcatHelper.java:453) ~[na:na]
	at com.docker.initial.modal.exam.Quiz.toString(Quiz.java:12) ~[main/:na]
	at java.base/java.lang.String.valueOf(String.java:4216) ~[na:na]
	at java.base/java.lang.StringBuilder.append(StringBuilder.java:173) ~[na:na]
	at java.base/java.util.AbstractCollection.toString(AbstractCollection.java:457) ~[na:na]
	at org.hibernate.collection.internal.PersistentSet.toString(PersistentSet.java:328) ~[hibernate-core-5.6.14.Final.jar:5.6.14.Final]
	at java.base/java.lang.StringConcatHelper.stringOf(StringConcatHelper.java:453) ~[na:na]
	at com.docker.initial.modal.exam.Category.toString(Category.java:14) ~[main/:na]
	at java.base/java.lang.StringConcatHelper.stringOf(StringConcatHelper.java:453) ~[na:na]
	at com.docker.initial.modal.exam.Quiz.toString(Quiz.java:12) ~[main/:na]
	at java.base/java.lang.String.valueOf(String.java:4216) ~[na:na]
	at java.base/java.lang.StringBuilder.append(StringBuilder.java:173) ~[na:na]
	at java.base/java.util.AbstractCollection.toString(AbstractCollection.java:457) ~[na:na]
	at org.hibernate.collection.internal.PersistentSet.toString(PersistentSet.java:328) ~[hibernate-core-5.6.14.Final.jar:5.6.14.Final]
	at java.base/java.lang.StringConcatHelper.stringOf(StringConcatHelper.java:453) ~[na:na]
	at com.docker.initial.modal.exam.Category.toString(Category.java:14) ~[main/:na]
	at java.base/java.lang.StringConcatHelper.stringOf(StringConcatHelper.java:453) ~[na:na]
	at com.docker.initial.modal.exam.Quiz.toString(Quiz.java:12) ~[main/:na]
	at java.base/java.lang.String.valueOf(String.java:4216) ~[na:na]
	at java.base/java.lang.StringBuilder.append(StringBuilder.java:173) ~[na:na]
	at java.base/java.util.AbstractCollection.toString(AbstractCollection.java:457) ~[na:na]
	at org.hibernate.collection.internal.PersistentSet.toString(PersistentSet.java:328) ~[hibernate-core-5.6.14.Final.jar:5.6.14.Final]
	at java.base/java.lang.StringConcatHelper.stringOf(StringConcatHelper.java:453) ~[na:na]

2025-04-06 20:02:08.828 ERROR 18144 --- [http-nio-8081-exec-3] o.a.c.c.C.[.[.[/].[dispatcherServlet]    : Servlet.service() for servlet [dispatcherServlet] in context with path [] threw exception [Handler dispatch failed; nested exception is java.lang.StackOverflowError] with root cause

java.lang.StackOverflowError: null
	at com.docker.initial.modal.exam.Quiz.toString(Quiz.java:12) ~[main/:na]
	at java.base/java.lang.String.valueOf(String.java:4216) ~[na:na]
	at java.base/java.lang.StringBuilder.append(StringBuilder.java:173) ~[na:na]
	at java.base/java.util.AbstractCollection.toString(AbstractCollection.java:457) ~[na:na]
	at org.hibernate.collection.internal.PersistentSet.toString(PersistentSet.java:328) ~[hibernate-core-5.6.14.Final.jar:5.6.14.Final]
	at java.base/java.lang.StringConcatHelper.stringOf(StringConcatHelper.java:453) ~[na:na]
	at com.docker.initial.modal.exam.Category.toString(Category.java:14) ~[main/:na]
	at java.base/java.lang.StringConcatHelper.stringOf(StringConcatHelper.java:453) ~[na:na]
	at com.docker.initial.modal.exam.Quiz.toString(Quiz.java:12) ~[main/:na]
	at java.base/java.lang.String.valueOf(String.java:4216) ~[na:na]
	at java.base/java.lang.StringBuilder.append(StringBuilder.java:173) ~[na:na]
	at java.base/java.util.AbstractCollection.toString(AbstractCollection.java:457) ~[na:na]
	at org.hibernate.collection.internal.PersistentSet.toString(PersistentSet.java:328) ~[hibernate-core-5.6.14.Final.jar:5.6.14.Final]
	at java.base/java.lang.StringConcatHelper.stringOf(StringConcatHelper.java:453) ~[na:na]
	at com.docker.initial.modal.exam.Category.toString(Category.java:14) ~[main/:na]
	at java.base/java.lang.StringConcatHelper.stringOf(StringConcatHelper.java:453) ~[na:na]
	at com.docker.initial.modal.exam.Quiz.toString(Quiz.java:12) ~[main/:na]
	at java.base/java.lang.String.valueOf(String.java:4216) ~[na:na]
	at java.base/java.lang.StringBuilder.append(StringBuilder.java:173) ~[na:na]
	at java.base/java.util.AbstractCollection.toString(AbstractCollection.java:457) ~[na:na]
	at org.hibernate.collection.internal.PersistentSet.toString(PersistentSet.java:328) ~[hibernate-core-5.6.14.Final.jar:5.6.14.Final]
	at java.base/java.lang.StringConcatHelper.stringOf(StringConcatHelper.java:453) ~[na:na]
	at com.docker.initial.modal.exam.Category.toString(Category.java:14) ~[main/:na]
	at java.base/java.lang.StringConcatHelper.stringOf(StringConcatHelper.java:453) ~[na:na]
	at com.docker.initial.modal.exam.Quiz.toString(Quiz.java:12) ~[main/:na]
	at java.base/java.lang.String.valueOf(String.java:4216) ~[na:na]
	at java.base/java.lang.StringBuilder.append(StringBuilder.java:173) ~[na:na]
	at java.base/java.util.AbstractCollection.toString(AbstractCollection.java:457) ~[na:na]
	at org.hibernate.collection.internal.PersistentSet.toString(PersistentSet.java:328) ~[hibernate-core-5.6.14.Final.jar:5.6.14.Final]
	at java.base/java.lang.StringConcatHelper.stringOf(StringConcatHelper.java:453) ~[na:na]
	at com.docker.initial.modal.exam.Category.toString(Category.java:14) ~[main/:na]
	at java.base/java.lang.StringConcatHelper.stringOf(StringConcatHelper.java:453) ~[na:na]
	at com.docker.initial.modal.exam.Quiz.toString(Quiz.java:12) ~[main/:na]
	at java.base/java.lang.String.valueOf(String.java:4216) ~[na:na]
	at java.base/java.lang.StringBuilder.append(StringBuilder.java:173) ~[na:na]
	at java.base/java.util.AbstractCollection.toString(AbstractCollection.java:457) ~[na:na]
	at org.hibernate.collection.internal.PersistentSet.toString(PersistentSet.java:328) ~[hibernate-core-5.6.14.Final.jar:5.6.14.Final]
	at java.base/java.lang.StringConcatHelper.stringOf(StringConcatHelper.java:453) ~[na:na]
	at com.docker.initial.modal.exam.Category.toString(Category.java:14) ~[main/:na]
	at java.base/java.lang.StringConcatHelper.stringOf(StringConcatHelper.java:453) ~[na:na]
	at com.docker.initial.modal.exam.Quiz.toString(Quiz.java:12) ~[main/:na]
	at java.base/java.lang.String.valueOf(String.java:4216) ~[na:na]
	at java.base/java.lang.StringBuilder.append(StringBuilder.java:173) ~[na:na]
	at java.base/java.util.AbstractCollection.toString(AbstractCollection.java:457) ~[na:na]
	at org.hibernate.collection.internal.PersistentSet.toString(PersistentSet.java:328) ~[hibernate-core-5.6.14.Final.jar:5.6.14.Final]
	at java.base/java.lang.StringConcatHelper.stringOf(StringConcatHelper.java:453) ~[na:na]
	at com.docker.initial.modal.exam.Category.toString(Category.java:14) ~[main/:na]
	at java.base/java.lang.StringConcatHelper.stringOf(StringConcatHelper.java:453) ~[na:na]
	at com.docker.initial.modal.exam.Quiz.toString(Quiz.java:12) ~[main/:na]
	at java.base/java.lang.String.valueOf(String.java:4216) ~[na:na]
	at java.base/java.lang.StringBuilder.append(StringBuilder.java:173) ~[na:na]
	at java.base/java.util.AbstractCollection.toString(AbstractCollection.java:457) ~[na:na]
	at org.hibernate.collection.internal.PersistentSet.toString(PersistentSet.java:328) ~[hibernate-core-5.6.14.Final.jar:5.6.14.Final]
	at java.base/java.lang.StringConcatHelper.stringOf(StringConcatHelper.java:453) ~[na:na]
	at com.docker.initial.modal.exam.Category.toString(Category.java:14) ~[main/:na]
	at java.base/java.lang.StringConcatHelper.stringOf(StringConcatHelper.java:453) ~[na:na]
	at com.docker.initial.modal.exam.Quiz.toString(Quiz.java:12) ~[main/:na]
	at java.base/java.lang.String.valueOf(String.java:4216) ~[na:na]
	at java.base/java.lang.StringBuilder.append(StringBuilder.java:173) ~[na:na]
	at java.base/java.util.AbstractCollection.toString(AbstractCollection.java:457) ~[na:na]
	at org.hibernate.collection.internal.PersistentSet.toString(PersistentSet.java:328) ~[hibernate-core-5.6.14.Final.jar:5.6.14.Final]
	at java.base/java.lang.StringConcatHelper.stringOf(StringConcatHelper.java:453) ~[na:na]
	at com.docker.initial.modal.exam.Category.toString(Category.java:14) ~[main/:na]
	at java.base/java.lang.StringConcatHelper.stringOf(StringConcatHelper.java:453) ~[na:na]
	at com.docker.initial.modal.exam.Quiz.toString(Quiz.java:12) ~[main/:na]
	at java.base/java.lang.String.valueOf(String.java:4216) ~[na:na]
	at java.base/java.lang.StringBuilder.append(StringBuilder.java:173) ~[na:na]
	at java.base/java.util.AbstractCollection.toString(AbstractCollection.java:457) ~[na:na]
	at org.hibernate.collection.internal.PersistentSet.toString(PersistentSet.java:328) ~[hibernate-core-5.6.14.Final.jar:5.6.14.Final]
	at java.base/java.lang.StringConcatHelper.stringOf(StringConcatHelper.java:453) ~[na:na]
	at com.docker.initial.modal.exam.Category.toString(Category.java:14) ~[main/:na]
	at java.base/java.lang.StringConcatHelper.stringOf(StringConcatHelper.java:453) ~[na:na]
	at com.docker.initial.modal.exam.Quiz.toString(Quiz.java:12) ~[main/:na]
	at java.base/java.lang.String.valueOf(String.java:4216) ~[na:na]
	at java.base/java.lang.StringBuilder.append(StringBuilder.java:173) ~[na:na]
	at java.base/java.util.AbstractCollection.toString(AbstractCollection.java:457) ~[na:na]
	at org.hibernate.collection.internal.PersistentSet.toString(PersistentSet.java:328) ~[hibernate-core-5.6.14.Final.jar:5.6.14.Final]
	at java.base/java.lang.StringConcatHelper.stringOf(StringConcatHelper.java:453) ~[na:na]
	at com.docker.initial.modal.exam.Category.toString(Category.java:14) ~[main/:na]
	at java.base/java.lang.StringConcatHelper.stringOf(StringConcatHelper.java:453) ~[na:na]
	at com.docker.initial.modal.exam.Quiz.toString(Quiz.java:12) ~[main/:na]
	at java.base/java.lang.String.valueOf(String.java:4216) ~[na:na]
	at java.base/java.lang.StringBuilder.append(StringBuilder.java:173) ~[na:na]
	at java.base/java.util.AbstractCollection.toString(AbstractCollection.java:457) ~[na:na]
	at org.hibernate.collection.internal.PersistentSet.toString(PersistentSet.java:328) ~[hibernate-core-5.6.14.Final.jar:5.6.14.Final]
	at java.base/java.lang.StringConcatHelper.stringOf(StringConcatHelper.java:453) ~[na:na]
	at com.docker.initial.modal.exam.Category.toString(Category.java:14) ~[main/:na]
	at java.base/java.lang.StringConcatHelper.stringOf(StringConcatHelper.java:453) ~[na:na]
	at com.docker.initial.modal.exam.Quiz.toString(Quiz.java:12) ~[main/:na]
	at java.base/java.lang.String.valueOf(String.java:4216) ~[na:na]
	at java.base/java.lang.StringBuilder.append(StringBuilder.java:173) ~[na:na]
	at java.base/java.util.AbstractCollection.toString(AbstractCollection.java:457) ~[na:na]
	at org.hibernate.collection.internal.PersistentSet.toString(PersistentSet.java:328) ~[hibernate-core-5.6.14.Final.jar:5.6.14.Final]
	at java.base/java.lang.StringConcatHelper.stringOf(StringConcatHelper.java:453) ~[na:na]
	at com.docker.initial.modal.exam.Category.toString(Category.java:14) ~[main/:na]
	at java.base/java.lang.StringConcatHelper.stringOf(StringConcatHelper.java:453) ~[na:na]
	at com.docker.initial.modal.exam.Quiz.toString(Quiz.java:12) ~[main/:na]
	at java.base/java.lang.String.valueOf(String.java:4216) ~[na:na]
	at java.base/java.lang.StringBuilder.append(StringBuilder.java:173) ~[na:na]
	at java.base/java.util.AbstractCollection.toString(AbstractCollection.java:457) ~[na:na]
	at org.hibernate.collection.internal.PersistentSet.toString(PersistentSet.java:328) ~[hibernate-core-5.6.14.Final.jar:5.6.14.Final]
	at java.base/java.lang.StringConcatHelper.stringOf(StringConcatHelper.java:453) ~[na:na]
	at com.docker.initial.modal.exam.Category.toString(Category.java:14) ~[main/:na]
	at java.base/java.lang.StringConcatHelper.stringOf(StringConcatHelper.java:453) ~[na:na]
	at com.docker.initial.modal.exam.Quiz.toString(Quiz.java:12) ~[main/:na]
	at java.base/java.lang.String.valueOf(String.java:4216) ~[na:na]
	at java.base/java.lang.StringBuilder.append(StringBuilder.java:173) ~[na:na]
	at java.base/java.util.AbstractCollection.toString(AbstractCollection.java:457) ~[na:na]
	at org.hibernate.collection.internal.PersistentSet.toString(PersistentSet.java:328) ~[hibernate-core-5.6.14.Final.jar:5.6.14.Final]
	at java.base/java.lang.StringConcatHelper.stringOf(StringConcatHelper.java:453) ~[na:na]
	at com.docker.initial.modal.exam.Category.toString(Category.java:14) ~[main/:na]
	at java.base/java.lang.StringConcatHelper.stringOf(StringConcatHelper.java:453) ~[na:na]
	at com.docker.initial.modal.exam.Quiz.toString(Quiz.java:12) ~[main/:na]
	at java.base/java.lang.String.valueOf(String.java:4216) ~[na:na]
	at java.base/java.lang.StringBuilder.append(StringBuilder.java:173) ~[na:na]
	at java.base/java.util.AbstractCollection.toString(AbstractCollection.java:457) ~[na:na]
	at org.hibernate.collection.internal.PersistentSet.toString(PersistentSet.java:328) ~[hibernate-core-5.6.14.Final.jar:5.6.14.Final]
	at java.base/java.lang.StringConcatHelper.stringOf(StringConcatHelper.java:453) ~[na:na]
	at com.docker.initial.modal.exam.Category.toString(Category.java:14) ~[main/:na]
	at java.base/java.lang.StringConcatHelper.stringOf(StringConcatHelper.java:453) ~[na:na]
	at com.docker.initial.modal.exam.Quiz.toString(Quiz.java:12) ~[main/:na]
	at java.base/java.lang.String.valueOf(String.java:4216) ~[na:na]
	at java.base/java.lang.StringBuilder.append(StringBuilder.java:173) ~[na:na]
	at java.base/java.util.AbstractCollection.toString(AbstractCollection.java:457) ~[na:na]
	at org.hibernate.collection.internal.PersistentSet.toString(PersistentSet.java:328) ~[hibernate-core-5.6.14.Final.jar:5.6.14.Final]
	at java.base/java.lang.StringConcatHelper.stringOf(StringConcatHelper.java:453) ~[na:na]
	at com.docker.initial.modal.exam.Category.toString(Category.java:14) ~[main/:na]
	at java.base/java.lang.StringConcatHelper.stringOf(StringConcatHelper.java:453) ~[na:na]
	at com.docker.initial.modal.exam.Quiz.toString(Quiz.java:12) ~[main/:na]
	at java.base/java.lang.String.valueOf(String.java:4216) ~[na:na]
	at java.base/java.lang.StringBuilder.append(StringBuilder.java:173) ~[na:na]
	at java.base/java.util.AbstractCollection.toString(AbstractCollection.java:457) ~[na:na]
	at org.hibernate.collection.internal.PersistentSet.toString(PersistentSet.java:328) ~[hibernate-core-5.6.14.Final.jar:5.6.14.Final]
	at java.base/java.lang.StringConcatHelper.stringOf(StringConcatHelper.java:453) ~[na:na]
	at com.docker.initial.modal.exam.Category.toString(Category.java:14) ~[main/:na]
	at java.base/java.lang.StringConcatHelper.stringOf(StringConcatHelper.java:453) ~[na:na]
	at com.docker.initial.modal.exam.Quiz.toString(Quiz.java:12) ~[main/:na]
	at java.base/java.lang.String.valueOf(String.java:4216) ~[na:na]
	at java.base/java.lang.StringBuilder.append(StringBuilder.java:173) ~[na:na]
	at java.base/java.util.AbstractCollection.toString(AbstractCollection.java:457) ~[na:na]
	at org.hibernate.collection.internal.PersistentSet.toString(PersistentSet.java:328) ~[hibernate-core-5.6.14.Final.jar:5.6.14.Final]
	at java.base/java.lang.StringConcatHelper.stringOf(StringConcatHelper.java:453) ~[na:na]
	at com.docker.initial.modal.exam.Category.toString(Category.java:14) ~[main/:na]
	at java.base/java.lang.StringConcatHelper.stringOf(StringConcatHelper.java:453) ~[na:na]
	at com.docker.initial.modal.exam.Quiz.toString(Quiz.java:12) ~[main/:na]
	at java.base/java.lang.String.valueOf(String.java:4216) ~[na:na]
	at java.base/java.lang.StringBuilder.append(StringBuilder.java:173) ~[na:na]
	at java.base/java.util.AbstractCollection.toString(AbstractCollection.java:457) ~[na:na]
	at org.hibernate.collection.internal.PersistentSet.toString(PersistentSet.java:328) ~[hibernate-core-5.6.14.Final.jar:5.6.14.Final]
	at java.base/java.lang.StringConcatHelper.stringOf(StringConcatHelper.java:453) ~[na:na]
	at com.docker.initial.modal.exam.Category.toString(Category.java:14) ~[main/:na]
	at java.base/java.lang.StringConcatHelper.stringOf(StringConcatHelper.java:453) ~[na:na]
	at com.docker.initial.modal.exam.Quiz.toString(Quiz.java:12) ~[main/:na]
	at java.base/java.lang.String.valueOf(String.java:4216) ~[na:na]
	at java.base/java.lang.StringBuilder.append(StringBuilder.java:173) ~[na:na]
	at java.base/java.util.AbstractCollection.toString(AbstractCollection.java:457) ~[na:na]
	at org.hibernate.collection.internal.PersistentSet.toString(PersistentSet.java:328) ~[hibernate-core-5.6.14.Final.jar:5.6.14.Final]
	at java.base/java.lang.StringConcatHelper.stringOf(StringConcatHelper.java:453) ~[na:na]
	at com.docker.initial.modal.exam.Category.toString(Category.java:14) ~[main/:na]
	at java.base/java.lang.StringConcatHelper.stringOf(StringConcatHelper.java:453) ~[na:na]
	at com.docker.initial.modal.exam.Quiz.toString(Quiz.java:12) ~[main/:na]
	at java.base/java.lang.String.valueOf(String.java:4216) ~[na:na]
	at java.base/java.lang.StringBuilder.append(StringBuilder.java:173) ~[na:na]
	at java.base/java.util.AbstractCollection.toString(AbstractCollection.java:457) ~[na:na]
	at org.hibernate.collection.internal.PersistentSet.toString(PersistentSet.java:328) ~[hibernate-core-5.6.14.Final.jar:5.6.14.Final]
	at java.base/java.lang.StringConcatHelper.stringOf(StringConcatHelper.java:453) ~[na:na]
	at com.docker.initial.modal.exam.Category.toString(Category.java:14) ~[main/:na]
	at java.base/java.lang.StringConcatHelper.stringOf(StringConcatHelper.java:453) ~[na:na]
	at com.docker.initial.modal.exam.Quiz.toString(Quiz.java:12) ~[main/:na]
	at java.base/java.lang.String.valueOf(String.java:4216) ~[na:na]
	at java.base/java.lang.StringBuilder.append(StringBuilder.java:173) ~[na:na]
	at java.base/java.util.AbstractCollection.toString(AbstractCollection.java:457) ~[na:na]
	at org.hibernate.collection.internal.PersistentSet.toString(PersistentSet.java:328) ~[hibernate-core-5.6.14.Final.jar:5.6.14.Final]
	at java.base/java.lang.StringConcatHelper.stringOf(StringConcatHelper.java:453) ~[na:na]
	at com.docker.initial.modal.exam.Category.toString(Category.java:14) ~[main/:na]
	at java.base/java.lang.StringConcatHelper.stringOf(StringConcatHelper.java:453) ~[na:na]
	at com.docker.initial.modal.exam.Quiz.toString(Quiz.java:12) ~[main/:na]
	at java.base/java.lang.String.valueOf(String.java:4216) ~[na:na]
	at java.base/java.lang.StringBuilder.append(StringBuilder.java:173) ~[na:na]
	at java.base/java.util.AbstractCollection.toString(AbstractCollection.java:457) ~[na:na]
	at org.hibernate.collection.internal.PersistentSet.toString(PersistentSet.java:328) ~[hibernate-core-5.6.14.Final.jar:5.6.14.Final]
	at java.base/java.lang.StringConcatHelper.stringOf(StringConcatHelper.java:453) ~[na:na]
	at com.docker.initial.modal.exam.Category.toString(Category.java:14) ~[main/:na]
	at java.base/java.lang.StringConcatHelper.stringOf(StringConcatHelper.java:453) ~[na:na]
	at com.docker.initial.modal.exam.Quiz.toString(Quiz.java:12) ~[main/:na]
	at java.base/java.lang.String.valueOf(String.java:4216) ~[na:na]
	at java.base/java.lang.StringBuilder.append(StringBuilder.java:173) ~[na:na]
	at java.base/java.util.AbstractCollection.toString(AbstractCollection.java:457) ~[na:na]
	at org.hibernate.collection.internal.PersistentSet.toString(PersistentSet.java:328) ~[hibernate-core-5.6.14.Final.jar:5.6.14.Final]
	at java.base/java.lang.StringConcatHelper.stringOf(StringConcatHelper.java:453) ~[na:na]
	at com.docker.initial.modal.exam.Category.toString(Category.java:14) ~[main/:na]
	at java.base/java.lang.StringConcatHelper.stringOf(StringConcatHelper.java:453) ~[na:na]
	at com.docker.initial.modal.exam.Quiz.toString(Quiz.java:12) ~[main/:na]
	at java.base/java.lang.String.valueOf(String.java:4216) ~[na:na]
	at java.base/java.lang.StringBuilder.append(StringBuilder.java:173) ~[na:na]
	at java.base/java.util.AbstractCollection.toString(AbstractCollection.java:457) ~[na:na]
	at org.hibernate.collection.internal.PersistentSet.toString(PersistentSet.java:328) ~[hibernate-core-5.6.14.Final.jar:5.6.14.Final]
	at java.base/java.lang.StringConcatHelper.stringOf(StringConcatHelper.java:453) ~[na:na]
	at com.docker.initial.modal.exam.Category.toString(Category.java:14) ~[main/:na]
	at java.base/java.lang.StringConcatHelper.stringOf(StringConcatHelper.java:453) ~[na:na]
	at com.docker.initial.modal.exam.Quiz.toString(Quiz.java:12) ~[main/:na]
	at java.base/java.lang.String.valueOf(String.java:4216) ~[na:na]
	at java.base/java.lang.StringBuilder.append(StringBuilder.java:173) ~[na:na]
	at java.base/java.util.AbstractCollection.toString(AbstractCollection.java:457) ~[na:na]
	at org.hibernate.collection.internal.PersistentSet.toString(PersistentSet.java:328) ~[hibernate-core-5.6.14.Final.jar:5.6.14.Final]
	at java.base/java.lang.StringConcatHelper.stringOf(StringConcatHelper.java:453) ~[na:na]
	at com.docker.initial.modal.exam.Category.toString(Category.java:14) ~[main/:na]
	at java.base/java.lang.StringConcatHelper.stringOf(StringConcatHelper.java:453) ~[na:na]
	at com.docker.initial.modal.exam.Quiz.toString(Quiz.java:12) ~[main/:na]
	at java.base/java.lang.String.valueOf(String.java:4216) ~[na:na]
	at java.base/java.lang.StringBuilder.append(StringBuilder.java:173) ~[na:na]
	at java.base/java.util.AbstractCollection.toString(AbstractCollection.java:457) ~[na:na]
	at org.hibernate.collection.internal.PersistentSet.toString(PersistentSet.java:328) ~[hibernate-core-5.6.14.Final.jar:5.6.14.Final]
	at java.base/java.lang.StringConcatHelper.stringOf(StringConcatHelper.java:453) ~[na:na]
	at com.docker.initial.modal.exam.Category.toString(Category.java:14) ~[main/:na]
	at java.base/java.lang.StringConcatHelper.stringOf(StringConcatHelper.java:453) ~[na:na]
	at com.docker.initial.modal.exam.Quiz.toString(Quiz.java:12) ~[main/:na]
	at java.base/java.lang.String.valueOf(String.java:4216) ~[na:na]
	at java.base/java.lang.StringBuilder.append(StringBuilder.java:173) ~[na:na]
	at java.base/java.util.AbstractCollection.toString(AbstractCollection.java:457) ~[na:na]
	at org.hibernate.collection.internal.PersistentSet.toString(PersistentSet.java:328) ~[hibernate-core-5.6.14.Final.jar:5.6.14.Final]
	at java.base/java.lang.StringConcatHelper.stringOf(StringConcatHelper.java:453) ~[na:na]
	at com.docker.initial.modal.exam.Category.toString(Category.java:14) ~[main/:na]
	at java.base/java.lang.StringConcatHelper.stringOf(StringConcatHelper.java:453) ~[na:na]
	at com.docker.initial.modal.exam.Quiz.toString(Quiz.java:12) ~[main/:na]
	at java.base/java.lang.String.valueOf(String.java:4216) ~[na:na]
	at java.base/java.lang.StringBuilder.append(StringBuilder.java:173) ~[na:na]
	at java.base/java.util.AbstractCollection.toString(AbstractCollection.java:457) ~[na:na]
	at org.hibernate.collection.internal.PersistentSet.toString(PersistentSet.java:328) ~[hibernate-core-5.6.14.Final.jar:5.6.14.Final]
	at java.base/java.lang.StringConcatHelper.stringOf(StringConcatHelper.java:453) ~[na:na]
	at com.docker.initial.modal.exam.Category.toString(Category.java:14) ~[main/:na]
	at java.base/java.lang.StringConcatHelper.stringOf(StringConcatHelper.java:453) ~[na:na]
	at com.docker.initial.modal.exam.Quiz.toString(Quiz.java:12) ~[main/:na]
	at java.base/java.lang.String.valueOf(String.java:4216) ~[na:na]
	at java.base/java.lang.StringBuilder.append(StringBuilder.java:173) ~[na:na]
	at java.base/java.util.AbstractCollection.toString(AbstractCollection.java:457) ~[na:na]
	at org.hibernate.collection.internal.PersistentSet.toString(PersistentSet.java:328) ~[hibernate-core-5.6.14.Final.jar:5.6.14.Final]
	at java.base/java.lang.StringConcatHelper.stringOf(StringConcatHelper.java:453) ~[na:na]
	at com.docker.initial.modal.exam.Category.toString(Category.java:14) ~[main/:na]
	at java.base/java.lang.StringConcatHelper.stringOf(StringConcatHelper.java:453) ~[na:na]
	at com.docker.initial.modal.exam.Quiz.toString(Quiz.java:12) ~[main/:na]
	at java.base/java.lang.String.valueOf(String.java:4216) ~[na:na]
	at java.base/java.lang.StringBuilder.append(StringBuilder.java:173) ~[na:na]
	at java.base/java.util.AbstractCollection.toString(AbstractCollection.java:457) ~[na:na]
	at org.hibernate.collection.internal.PersistentSet.toString(PersistentSet.java:328) ~[hibernate-core-5.6.14.Final.jar:5.6.14.Final]
	at java.base/java.lang.StringConcatHelper.stringOf(StringConcatHelper.java:453) ~[na:na]
	at com.docker.initial.modal.exam.Category.toString(Category.java:14) ~[main/:na]
	at java.base/java.lang.StringConcatHelper.stringOf(StringConcatHelper.java:453) ~[na:na]
	at com.docker.initial.modal.exam.Quiz.toString(Quiz.java:12) ~[main/:na]
	at java.base/java.lang.String.valueOf(String.java:4216) ~[na:na]
	at java.base/java.lang.StringBuilder.append(StringBuilder.java:173) ~[na:na]
	at java.base/java.util.AbstractCollection.toString(AbstractCollection.java:457) ~[na:na]
	at org.hibernate.collection.internal.PersistentSet.toString(PersistentSet.java:328) ~[hibernate-core-5.6.14.Final.jar:5.6.14.Final]
	at java.base/java.lang.StringConcatHelper.stringOf(StringConcatHelper.java:453) ~[na:na]
	at com.docker.initial.modal.exam.Category.toString(Category.java:14) ~[main/:na]
	at java.base/java.lang.StringConcatHelper.stringOf(StringConcatHelper.java:453) ~[na:na]
	at com.docker.initial.modal.exam.Quiz.toString(Quiz.java:12) ~[main/:na]
	at java.base/java.lang.String.valueOf(String.java:4216) ~[na:na]
	at java.base/java.lang.StringBuilder.append(StringBuilder.java:173) ~[na:na]
	at java.base/java.util.AbstractCollection.toString(AbstractCollection.java:457) ~[na:na]
	at org.hibernate.collection.internal.PersistentSet.toString(PersistentSet.java:328) ~[hibernate-core-5.6.14.Final.jar:5.6.14.Final]
	at java.base/java.lang.StringConcatHelper.stringOf(StringConcatHelper.java:453) ~[na:na]
	at com.docker.initial.modal.exam.Category.toString(Category.java:14) ~[main/:na]
	at java.base/java.lang.StringConcatHelper.stringOf(StringConcatHelper.java:453) ~[na:na]
	at com.docker.initial.modal.exam.Quiz.toString(Quiz.java:12) ~[main/:na]
	at java.base/java.lang.String.valueOf(String.java:4216) ~[na:na]
	at java.base/java.lang.StringBuilder.append(StringBuilder.java:173) ~[na:na]
	at java.base/java.util.AbstractCollection.toString(AbstractCollection.java:457) ~[na:na]
	at org.hibernate.collection.internal.PersistentSet.toString(PersistentSet.java:328) ~[hibernate-core-5.6.14.Final.jar:5.6.14.Final]
	at java.base/java.lang.StringConcatHelper.stringOf(StringConcatHelper.java:453) ~[na:na]
	at com.docker.initial.modal.exam.Category.toString(Category.java:14) ~[main/:na]
	at java.base/java.lang.StringConcatHelper.stringOf(StringConcatHelper.java:453) ~[na:na]
	at com.docker.initial.modal.exam.Quiz.toString(Quiz.java:12) ~[main/:na]
	at java.base/java.lang.String.valueOf(String.java:4216) ~[na:na]
	at java.base/java.lang.StringBuilder.append(StringBuilder.java:173) ~[na:na]
	at java.base/java.util.AbstractCollection.toString(AbstractCollection.java:457) ~[na:na]
	at org.hibernate.collection.internal.PersistentSet.toString(PersistentSet.java:328) ~[hibernate-core-5.6.14.Final.jar:5.6.14.Final]
	at java.base/java.lang.StringConcatHelper.stringOf(StringConcatHelper.java:453) ~[na:na]
	at com.docker.initial.modal.exam.Category.toString(Category.java:14) ~[main/:na]
	at java.base/java.lang.StringConcatHelper.stringOf(StringConcatHelper.java:453) ~[na:na]
	at com.docker.initial.modal.exam.Quiz.toString(Quiz.java:12) ~[main/:na]
	at java.base/java.lang.String.valueOf(String.java:4216) ~[na:na]
	at java.base/java.lang.StringBuilder.append(StringBuilder.java:173) ~[na:na]
	at java.base/java.util.AbstractCollection.toString(AbstractCollection.java:457) ~[na:na]
	at org.hibernate.collection.internal.PersistentSet.toString(PersistentSet.java:328) ~[hibernate-core-5.6.14.Final.jar:5.6.14.Final]
	at java.base/java.lang.StringConcatHelper.stringOf(StringConcatHelper.java:453) ~[na:na]
	at com.docker.initial.modal.exam.Category.toString(Category.java:14) ~[main/:na]
	at java.base/java.lang.StringConcatHelper.stringOf(StringConcatHelper.java:453) ~[na:na]
	at com.docker.initial.modal.exam.Quiz.toString(Quiz.java:12) ~[main/:na]
	at java.base/java.lang.String.valueOf(String.java:4216) ~[na:na]
	at java.base/java.lang.StringBuilder.append(StringBuilder.java:173) ~[na:na]
	at java.base/java.util.AbstractCollection.toString(AbstractCollection.java:457) ~[na:na]
	at org.hibernate.collection.internal.PersistentSet.toString(PersistentSet.java:328) ~[hibernate-core-5.6.14.Final.jar:5.6.14.Final]
	at java.base/java.lang.StringConcatHelper.stringOf(StringConcatHelper.java:453) ~[na:na]
	at com.docker.initial.modal.exam.Category.toString(Category.java:14) ~[main/:na]
	at java.base/java.lang.StringConcatHelper.stringOf(StringConcatHelper.java:453) ~[na:na]
	at com.docker.initial.modal.exam.Quiz.toString(Quiz.java:12) ~[main/:na]
	at java.base/java.lang.String.valueOf(String.java:4216) ~[na:na]
	at java.base/java.lang.StringBuilder.append(StringBuilder.java:173) ~[na:na]
	at java.base/java.util.AbstractCollection.toString(AbstractCollection.java:457) ~[na:na]
	at org.hibernate.collection.internal.PersistentSet.toString(PersistentSet.java:328) ~[hibernate-core-5.6.14.Final.jar:5.6.14.Final]
	at java.base/java.lang.StringConcatHelper.stringOf(StringConcatHelper.java:453) ~[na:na]
	at com.docker.initial.modal.exam.Category.toString(Category.java:14) ~[main/:na]
	at java.base/java.lang.StringConcatHelper.stringOf(StringConcatHelper.java:453) ~[na:na]
	at com.docker.initial.modal.exam.Quiz.toString(Quiz.java:12) ~[main/:na]
	at java.base/java.lang.String.valueOf(String.java:4216) ~[na:na]
	at java.base/java.lang.StringBuilder.append(StringBuilder.java:173) ~[na:na]
	at java.base/java.util.AbstractCollection.toString(AbstractCollection.java:457) ~[na:na]
	at org.hibernate.collection.internal.PersistentSet.toString(PersistentSet.java:328) ~[hibernate-core-5.6.14.Final.jar:5.6.14.Final]
	at java.base/java.lang.StringConcatHelper.stringOf(StringConcatHelper.java:453) ~[na:na]
	at com.docker.initial.modal.exam.Category.toString(Category.java:14) ~[main/:na]
	at java.base/java.lang.StringConcatHelper.stringOf(StringConcatHelper.java:453) ~[na:na]
	at com.docker.initial.modal.exam.Quiz.toString(Quiz.java:12) ~[main/:na]
	at java.base/java.lang.String.valueOf(String.java:4216) ~[na:na]
	at java.base/java.lang.StringBuilder.append(StringBuilder.java:173) ~[na:na]
	at java.base/java.util.AbstractCollection.toString(AbstractCollection.java:457) ~[na:na]
	at org.hibernate.collection.internal.PersistentSet.toString(PersistentSet.java:328) ~[hibernate-core-5.6.14.Final.jar:5.6.14.Final]
	at java.base/java.lang.StringConcatHelper.stringOf(StringConcatHelper.java:453) ~[na:na]
	at com.docker.initial.modal.exam.Category.toString(Category.java:14) ~[main/:na]
	at java.base/java.lang.StringConcatHelper.stringOf(StringConcatHelper.java:453) ~[na:na]
	at com.docker.initial.modal.exam.Quiz.toString(Quiz.java:12) ~[main/:na]
	at java.base/java.lang.String.valueOf(String.java:4216) ~[na:na]
	at java.base/java.lang.StringBuilder.append(StringBuilder.java:173) ~[na:na]
	at java.base/java.util.AbstractCollection.toString(AbstractCollection.java:457) ~[na:na]
	at org.hibernate.collection.internal.PersistentSet.toString(PersistentSet.java:328) ~[hibernate-core-5.6.14.Final.jar:5.6.14.Final]
	at java.base/java.lang.StringConcatHelper.stringOf(StringConcatHelper.java:453) ~[na:na]
	at com.docker.initial.modal.exam.Category.toString(Category.java:14) ~[main/:na]
	at java.base/java.lang.StringConcatHelper.stringOf(StringConcatHelper.java:453) ~[na:na]
	at com.docker.initial.modal.exam.Quiz.toString(Quiz.java:12) ~[main/:na]
	at java.base/java.lang.String.valueOf(String.java:4216) ~[na:na]
	at java.base/java.lang.StringBuilder.append(StringBuilder.java:173) ~[na:na]
	at java.base/java.util.AbstractCollection.toString(AbstractCollection.java:457) ~[na:na]
	at org.hibernate.collection.internal.PersistentSet.toString(PersistentSet.java:328) ~[hibernate-core-5.6.14.Final.jar:5.6.14.Final]
	at java.base/java.lang.StringConcatHelper.stringOf(StringConcatHelper.java:453) ~[na:na]
	at com.docker.initial.modal.exam.Category.toString(Category.java:14) ~[main/:na]
	at java.base/java.lang.StringConcatHelper.stringOf(StringConcatHelper.java:453) ~[na:na]
	at com.docker.initial.modal.exam.Quiz.toString(Quiz.java:12) ~[main/:na]
	at java.base/java.lang.String.valueOf(String.java:4216) ~[na:na]
	at java.base/java.lang.StringBuilder.append(StringBuilder.java:173) ~[na:na]
	at java.base/java.util.AbstractCollection.toString(AbstractCollection.java:457) ~[na:na]
	at org.hibernate.collection.internal.PersistentSet.toString(PersistentSet.java:328) ~[hibernate-core-5.6.14.Final.jar:5.6.14.Final]
	at java.base/java.lang.StringConcatHelper.stringOf(StringConcatHelper.java:453) ~[na:na]
	at com.docker.initial.modal.exam.Category.toString(Category.java:14) ~[main/:na]
	at java.base/java.lang.StringConcatHelper.stringOf(StringConcatHelper.java:453) ~[na:na]
	at com.docker.initial.modal.exam.Quiz.toString(Quiz.java:12) ~[main/:na]
	at java.base/java.lang.String.valueOf(String.java:4216) ~[na:na]
	at java.base/java.lang.StringBuilder.append(StringBuilder.java:173) ~[na:na]
	at java.base/java.util.AbstractCollection.toString(AbstractCollection.java:457) ~[na:na]
	at org.hibernate.collection.internal.PersistentSet.toString(PersistentSet.java:328) ~[hibernate-core-5.6.14.Final.jar:5.6.14.Final]
	at java.base/java.lang.StringConcatHelper.stringOf(StringConcatHelper.java:453) ~[na:na]
	at com.docker.initial.modal.exam.Category.toString(Category.java:14) ~[main/:na]
	at java.base/java.lang.StringConcatHelper.stringOf(StringConcatHelper.java:453) ~[na:na]
	at com.docker.initial.modal.exam.Quiz.toString(Quiz.java:12) ~[main/:na]
	at java.base/java.lang.String.valueOf(String.java:4216) ~[na:na]
	at java.base/java.lang.StringBuilder.append(StringBuilder.java:173) ~[na:na]
	at java.base/java.util.AbstractCollection.toString(AbstractCollection.java:457) ~[na:na]
	at org.hibernate.collection.internal.PersistentSet.toString(PersistentSet.java:328) ~[hibernate-core-5.6.14.Final.jar:5.6.14.Final]
	at java.base/java.lang.StringConcatHelper.stringOf(StringConcatHelper.java:453) ~[na:na]
	at com.docker.initial.modal.exam.Category.toString(Category.java:14) ~[main/:na]
	at java.base/java.lang.StringConcatHelper.stringOf(StringConcatHelper.java:453) ~[na:na]
	at com.docker.initial.modal.exam.Quiz.toString(Quiz.java:12) ~[main/:na]
	at java.base/java.lang.String.valueOf(String.java:4216) ~[na:na]
	at java.base/java.lang.StringBuilder.append(StringBuilder.java:173) ~[na:na]
	at java.base/java.util.AbstractCollection.toString(AbstractCollection.java:457) ~[na:na]
	at org.hibernate.collection.internal.PersistentSet.toString(PersistentSet.java:328) ~[hibernate-core-5.6.14.Final.jar:5.6.14.Final]
	at java.base/java.lang.StringConcatHelper.stringOf(StringConcatHelper.java:453) ~[na:na]
	at com.docker.initial.modal.exam.Category.toString(Category.java:14) ~[main/:na]
	at java.base/java.lang.StringConcatHelper.stringOf(StringConcatHelper.java:453) ~[na:na]
	at com.docker.initial.modal.exam.Quiz.toString(Quiz.java:12) ~[main/:na]
	at java.base/java.lang.String.valueOf(String.java:4216) ~[na:na]
	at java.base/java.lang.StringBuilder.append(StringBuilder.java:173) ~[na:na]
	at java.base/java.util.AbstractCollection.toString(AbstractCollection.java:457) ~[na:na]
	at org.hibernate.collection.internal.PersistentSet.toString(PersistentSet.java:328) ~[hibernate-core-5.6.14.Final.jar:5.6.14.Final]
	at java.base/java.lang.StringConcatHelper.stringOf(StringConcatHelper.java:453) ~[na:na]
	at com.docker.initial.modal.exam.Category.toString(Category.java:14) ~[main/:na]
	at java.base/java.lang.StringConcatHelper.stringOf(StringConcatHelper.java:453) ~[na:na]
	at com.docker.initial.modal.exam.Quiz.toString(Quiz.java:12) ~[main/:na]
	at java.base/java.lang.String.valueOf(String.java:4216) ~[na:na]
	at java.base/java.lang.StringBuilder.append(StringBuilder.java:173) ~[na:na]
	at java.base/java.util.AbstractCollection.toString(AbstractCollection.java:457) ~[na:na]
	at org.hibernate.collection.internal.PersistentSet.toString(PersistentSet.java:328) ~[hibernate-core-5.6.14.Final.jar:5.6.14.Final]
	at java.base/java.lang.StringConcatHelper.stringOf(StringConcatHelper.java:453) ~[na:na]
	at com.docker.initial.modal.exam.Category.toString(Category.java:14) ~[main/:na]
	at java.base/java.lang.StringConcatHelper.stringOf(StringConcatHelper.java:453) ~[na:na]
	at com.docker.initial.modal.exam.Quiz.toString(Quiz.java:12) ~[main/:na]
	at java.base/java.lang.String.valueOf(String.java:4216) ~[na:na]
	at java.base/java.lang.StringBuilder.append(StringBuilder.java:173) ~[na:na]
	at java.base/java.util.AbstractCollection.toString(AbstractCollection.java:457) ~[na:na]
	at org.hibernate.collection.internal.PersistentSet.toString(PersistentSet.java:328) ~[hibernate-core-5.6.14.Final.jar:5.6.14.Final]
	at java.base/java.lang.StringConcatHelper.stringOf(StringConcatHelper.java:453) ~[na:na]
	at com.docker.initial.modal.exam.Category.toString(Category.java:14) ~[main/:na]
	at java.base/java.lang.StringConcatHelper.stringOf(StringConcatHelper.java:453) ~[na:na]
	at com.docker.initial.modal.exam.Quiz.toString(Quiz.java:12) ~[main/:na]
	at java.base/java.lang.String.valueOf(String.java:4216) ~[na:na]
	at java.base/java.lang.StringBuilder.append(StringBuilder.java:173) ~[na:na]
	at java.base/java.util.AbstractCollection.toString(AbstractCollection.java:457) ~[na:na]
	at org.hibernate.collection.internal.PersistentSet.toString(PersistentSet.java:328) ~[hibernate-core-5.6.14.Final.jar:5.6.14.Final]
	at java.base/java.lang.StringConcatHelper.stringOf(StringConcatHelper.java:453) ~[na:na]
	at com.docker.initial.modal.exam.Category.toString(Category.java:14) ~[main/:na]
	at java.base/java.lang.StringConcatHelper.stringOf(StringConcatHelper.java:453) ~[na:na]
	at com.docker.initial.modal.exam.Quiz.toString(Quiz.java:12) ~[main/:na]
	at java.base/java.lang.String.valueOf(String.java:4216) ~[na:na]
	at java.base/java.lang.StringBuilder.append(StringBuilder.java:173) ~[na:na]
	at java.base/java.util.AbstractCollection.toString(AbstractCollection.java:457) ~[na:na]
	at org.hibernate.collection.internal.PersistentSet.toString(PersistentSet.java:328) ~[hibernate-core-5.6.14.Final.jar:5.6.14.Final]
	at java.base/java.lang.StringConcatHelper.stringOf(StringConcatHelper.java:453) ~[na:na]
	at com.docker.initial.modal.exam.Category.toString(Category.java:14) ~[main/:na]
	at java.base/java.lang.StringConcatHelper.stringOf(StringConcatHelper.java:453) ~[na:na]
	at com.docker.initial.modal.exam.Quiz.toString(Quiz.java:12) ~[main/:na]
	at java.base/java.lang.String.valueOf(String.java:4216) ~[na:na]
	at java.base/java.lang.StringBuilder.append(StringBuilder.java:173) ~[na:na]
	at java.base/java.util.AbstractCollection.toString(AbstractCollection.java:457) ~[na:na]
	at org.hibernate.collection.internal.PersistentSet.toString(PersistentSet.java:328) ~[hibernate-core-5.6.14.Final.jar:5.6.14.Final]
	at java.base/java.lang.StringConcatHelper.stringOf(StringConcatHelper.java:453) ~[na:na]
	at com.docker.initial.modal.exam.Category.toString(Category.java:14) ~[main/:na]
	at java.base/java.lang.StringConcatHelper.stringOf(StringConcatHelper.java:453) ~[na:na]
	at com.docker.initial.modal.exam.Quiz.toString(Quiz.java:12) ~[main/:na]
	at java.base/java.lang.String.valueOf(String.java:4216) ~[na:na]
	at java.base/java.lang.StringBuilder.append(StringBuilder.java:173) ~[na:na]
	at java.base/java.util.AbstractCollection.toString(AbstractCollection.java:457) ~[na:na]
	at org.hibernate.collection.internal.PersistentSet.toString(PersistentSet.java:328) ~[hibernate-core-5.6.14.Final.jar:5.6.14.Final]
	at java.base/java.lang.StringConcatHelper.stringOf(StringConcatHelper.java:453) ~[na:na]
	at com.docker.initial.modal.exam.Category.toString(Category.java:14) ~[main/:na]
	at java.base/java.lang.StringConcatHelper.stringOf(StringConcatHelper.java:453) ~[na:na]
	at com.docker.initial.modal.exam.Quiz.toString(Quiz.java:12) ~[main/:na]
	at java.base/java.lang.String.valueOf(String.java:4216) ~[na:na]
	at java.base/java.lang.StringBuilder.append(StringBuilder.java:173) ~[na:na]
	at java.base/java.util.AbstractCollection.toString(AbstractCollection.java:457) ~[na:na]
	at org.hibernate.collection.internal.PersistentSet.toString(PersistentSet.java:328) ~[hibernate-core-5.6.14.Final.jar:5.6.14.Final]
	at java.base/java.lang.StringConcatHelper.stringOf(StringConcatHelper.java:453) ~[na:na]
	at com.docker.initial.modal.exam.Category.toString(Category.java:14) ~[main/:na]
	at java.base/java.lang.StringConcatHelper.stringOf(StringConcatHelper.java:453) ~[na:na]
	at com.docker.initial.modal.exam.Quiz.toString(Quiz.java:12) ~[main/:na]
	at java.base/java.lang.String.valueOf(String.java:4216) ~[na:na]
	at java.base/java.lang.StringBuilder.append(StringBuilder.java:173) ~[na:na]
	at java.base/java.util.AbstractCollection.toString(AbstractCollection.java:457) ~[na:na]
	at org.hibernate.collection.internal.PersistentSet.toString(PersistentSet.java:328) ~[hibernate-core-5.6.14.Final.jar:5.6.14.Final]
	at java.base/java.lang.StringConcatHelper.stringOf(StringConcatHelper.java:453) ~[na:na]
	at com.docker.initial.modal.exam.Category.toString(Category.java:14) ~[main/:na]
	at java.base/java.lang.StringConcatHelper.stringOf(StringConcatHelper.java:453) ~[na:na]
	at com.docker.initial.modal.exam.Quiz.toString(Quiz.java:12) ~[main/:na]
	at java.base/java.lang.String.valueOf(String.java:4216) ~[na:na]
	at java.base/java.lang.StringBuilder.append(StringBuilder.java:173) ~[na:na]
	at java.base/java.util.AbstractCollection.toString(AbstractCollection.java:457) ~[na:na]
	at org.hibernate.collection.internal.PersistentSet.toString(PersistentSet.java:328) ~[hibernate-core-5.6.14.Final.jar:5.6.14.Final]
	at java.base/java.lang.StringConcatHelper.stringOf(StringConcatHelper.java:453) ~[na:na]
	at com.docker.initial.modal.exam.Category.toString(Category.java:14) ~[main/:na]
	at java.base/java.lang.StringConcatHelper.stringOf(StringConcatHelper.java:453) ~[na:na]
	at com.docker.initial.modal.exam.Quiz.toString(Quiz.java:12) ~[main/:na]
	at java.base/java.lang.String.valueOf(String.java:4216) ~[na:na]
	at java.base/java.lang.StringBuilder.append(StringBuilder.java:173) ~[na:na]
	at java.base/java.util.AbstractCollection.toString(AbstractCollection.java:457) ~[na:na]
	at org.hibernate.collection.internal.PersistentSet.toString(PersistentSet.java:328) ~[hibernate-core-5.6.14.Final.jar:5.6.14.Final]
	at java.base/java.lang.StringConcatHelper.stringOf(StringConcatHelper.java:453) ~[na:na]
	at com.docker.initial.modal.exam.Category.toString(Category.java:14) ~[main/:na]
	at java.base/java.lang.StringConcatHelper.stringOf(StringConcatHelper.java:453) ~[na:na]
	at com.docker.initial.modal.exam.Quiz.toString(Quiz.java:12) ~[main/:na]
	at java.base/java.lang.String.valueOf(String.java:4216) ~[na:na]
	at java.base/java.lang.StringBuilder.append(StringBuilder.java:173) ~[na:na]
	at java.base/java.util.AbstractCollection.toString(AbstractCollection.java:457) ~[na:na]
	at org.hibernate.collection.internal.PersistentSet.toString(PersistentSet.java:328) ~[hibernate-core-5.6.14.Final.jar:5.6.14.Final]
	at java.base/java.lang.StringConcatHelper.stringOf(StringConcatHelper.java:453) ~[na:na]
	at com.docker.initial.modal.exam.Category.toString(Category.java:14) ~[main/:na]
	at java.base/java.lang.StringConcatHelper.stringOf(StringConcatHelper.java:453) ~[na:na]
	at com.docker.initial.modal.exam.Quiz.toString(Quiz.java:12) ~[main/:na]
	at java.base/java.lang.String.valueOf(String.java:4216) ~[na:na]
	at java.base/java.lang.StringBuilder.append(StringBuilder.java:173) ~[na:na]
	at java.base/java.util.AbstractCollection.toString(AbstractCollection.java:457) ~[na:na]
	at org.hibernate.collection.internal.PersistentSet.toString(PersistentSet.java:328) ~[hibernate-core-5.6.14.Final.jar:5.6.14.Final]
	at java.base/java.lang.StringConcatHelper.stringOf(StringConcatHelper.java:453) ~[na:na]
	at com.docker.initial.modal.exam.Category.toString(Category.java:14) ~[main/:na]
	at java.base/java.lang.StringConcatHelper.stringOf(StringConcatHelper.java:453) ~[na:na]
	at com.docker.initial.modal.exam.Quiz.toString(Quiz.java:12) ~[main/:na]
	at java.base/java.lang.String.valueOf(String.java:4216) ~[na:na]
	at java.base/java.lang.StringBuilder.append(StringBuilder.java:173) ~[na:na]
	at java.base/java.util.AbstractCollection.toString(AbstractCollection.java:457) ~[na:na]
	at org.hibernate.collection.internal.PersistentSet.toString(PersistentSet.java:328) ~[hibernate-core-5.6.14.Final.jar:5.6.14.Final]
	at java.base/java.lang.StringConcatHelper.stringOf(StringConcatHelper.java:453) ~[na:na]
	at com.docker.initial.modal.exam.Category.toString(Category.java:14) ~[main/:na]
	at java.base/java.lang.StringConcatHelper.stringOf(StringConcatHelper.java:453) ~[na:na]
	at com.docker.initial.modal.exam.Quiz.toString(Quiz.java:12) ~[main/:na]
	at java.base/java.lang.String.valueOf(String.java:4216) ~[na:na]
	at java.base/java.lang.StringBuilder.append(StringBuilder.java:173) ~[na:na]
	at java.base/java.util.AbstractCollection.toString(AbstractCollection.java:457) ~[na:na]
	at org.hibernate.collection.internal.PersistentSet.toString(PersistentSet.java:328) ~[hibernate-core-5.6.14.Final.jar:5.6.14.Final]
	at java.base/java.lang.StringConcatHelper.stringOf(StringConcatHelper.java:453) ~[na:na]
	at com.docker.initial.modal.exam.Category.toString(Category.java:14) ~[main/:na]
	at java.base/java.lang.StringConcatHelper.stringOf(StringConcatHelper.java:453) ~[na:na]
	at com.docker.initial.modal.exam.Quiz.toString(Quiz.java:12) ~[main/:na]
	at java.base/java.lang.String.valueOf(String.java:4216) ~[na:na]
	at java.base/java.lang.StringBuilder.append(StringBuilder.java:173) ~[na:na]
	at java.base/java.util.AbstractCollection.toString(AbstractCollection.java:457) ~[na:na]
	at org.hibernate.collection.internal.PersistentSet.toString(PersistentSet.java:328) ~[hibernate-core-5.6.14.Final.jar:5.6.14.Final]
	at java.base/java.lang.StringConcatHelper.stringOf(StringConcatHelper.java:453) ~[na:na]
	at com.docker.initial.modal.exam.Category.toString(Category.java:14) ~[main/:na]
	at java.base/java.lang.StringConcatHelper.stringOf(StringConcatHelper.java:453) ~[na:na]
	at com.docker.initial.modal.exam.Quiz.toString(Quiz.java:12) ~[main/:na]
	at java.base/java.lang.String.valueOf(String.java:4216) ~[na:na]
	at java.base/java.lang.StringBuilder.append(StringBuilder.java:173) ~[na:na]
	at java.base/java.util.AbstractCollection.toString(AbstractCollection.java:457) ~[na:na]
	at org.hibernate.collection.internal.PersistentSet.toString(PersistentSet.java:328) ~[hibernate-core-5.6.14.Final.jar:5.6.14.Final]
	at java.base/java.lang.StringConcatHelper.stringOf(StringConcatHelper.java:453) ~[na:na]
	at com.docker.initial.modal.exam.Category.toString(Category.java:14) ~[main/:na]
	at java.base/java.lang.StringConcatHelper.stringOf(StringConcatHelper.java:453) ~[na:na]
	at com.docker.initial.modal.exam.Quiz.toString(Quiz.java:12) ~[main/:na]
	at java.base/java.lang.String.valueOf(String.java:4216) ~[na:na]
	at java.base/java.lang.StringBuilder.append(StringBuilder.java:173) ~[na:na]
	at java.base/java.util.AbstractCollection.toString(AbstractCollection.java:457) ~[na:na]
	at org.hibernate.collection.internal.PersistentSet.toString(PersistentSet.java:328) ~[hibernate-core-5.6.14.Final.jar:5.6.14.Final]
	at java.base/java.lang.StringConcatHelper.stringOf(StringConcatHelper.java:453) ~[na:na]
	at com.docker.initial.modal.exam.Category.toString(Category.java:14) ~[main/:na]
	at java.base/java.lang.StringConcatHelper.stringOf(StringConcatHelper.java:453) ~[na:na]
	at com.docker.initial.modal.exam.Quiz.toString(Quiz.java:12) ~[main/:na]
	at java.base/java.lang.String.valueOf(String.java:4216) ~[na:na]
	at java.base/java.lang.StringBuilder.append(StringBuilder.java:173) ~[na:na]
	at java.base/java.util.AbstractCollection.toString(AbstractCollection.java:457) ~[na:na]
	at org.hibernate.collection.internal.PersistentSet.toString(PersistentSet.java:328) ~[hibernate-core-5.6.14.Final.jar:5.6.14.Final]
	at java.base/java.lang.StringConcatHelper.stringOf(StringConcatHelper.java:453) ~[na:na]
	at com.docker.initial.modal.exam.Category.toString(Category.java:14) ~[main/:na]
	at java.base/java.lang.StringConcatHelper.stringOf(StringConcatHelper.java:453) ~[na:na]
	at com.docker.initial.modal.exam.Quiz.toString(Quiz.java:12) ~[main/:na]
	at java.base/java.lang.String.valueOf(String.java:4216) ~[na:na]
	at java.base/java.lang.StringBuilder.append(StringBuilder.java:173) ~[na:na]
	at java.base/java.util.AbstractCollection.toString(AbstractCollection.java:457) ~[na:na]
	at org.hibernate.collection.internal.PersistentSet.toString(PersistentSet.java:328) ~[hibernate-core-5.6.14.Final.jar:5.6.14.Final]
	at java.base/java.lang.StringConcatHelper.stringOf(StringConcatHelper.java:453) ~[na:na]
	at com.docker.initial.modal.exam.Category.toString(Category.java:14) ~[main/:na]
	at java.base/java.lang.StringConcatHelper.stringOf(StringConcatHelper.java:453) ~[na:na]
	at com.docker.initial.modal.exam.Quiz.toString(Quiz.java:12) ~[main/:na]
	at java.base/java.lang.String.valueOf(String.java:4216) ~[na:na]
	at java.base/java.lang.StringBuilder.append(StringBuilder.java:173) ~[na:na]
	at java.base/java.util.AbstractCollection.toString(AbstractCollection.java:457) ~[na:na]
	at org.hibernate.collection.internal.PersistentSet.toString(PersistentSet.java:328) ~[hibernate-core-5.6.14.Final.jar:5.6.14.Final]
	at java.base/java.lang.StringConcatHelper.stringOf(StringConcatHelper.java:453) ~[na:na]
	at com.docker.initial.modal.exam.Category.toString(Category.java:14) ~[main/:na]
	at java.base/java.lang.StringConcatHelper.stringOf(StringConcatHelper.java:453) ~[na:na]
	at com.docker.initial.modal.exam.Quiz.toString(Quiz.java:12) ~[main/:na]
	at java.base/java.lang.String.valueOf(String.java:4216) ~[na:na]
	at java.base/java.lang.StringBuilder.append(StringBuilder.java:173) ~[na:na]
	at java.base/java.util.AbstractCollection.toString(AbstractCollection.java:457) ~[na:na]
	at org.hibernate.collection.internal.PersistentSet.toString(PersistentSet.java:328) ~[hibernate-core-5.6.14.Final.jar:5.6.14.Final]
	at java.base/java.lang.StringConcatHelper.stringOf(StringConcatHelper.java:453) ~[na:na]
	at com.docker.initial.modal.exam.Category.toString(Category.java:14) ~[main/:na]
	at java.base/java.lang.StringConcatHelper.stringOf(StringConcatHelper.java:453) ~[na:na]
	at com.docker.initial.modal.exam.Quiz.toString(Quiz.java:12) ~[main/:na]
	at java.base/java.lang.String.valueOf(String.java:4216) ~[na:na]
	at java.base/java.lang.StringBuilder.append(StringBuilder.java:173) ~[na:na]
	at java.base/java.util.AbstractCollection.toString(AbstractCollection.java:457) ~[na:na]
	at org.hibernate.collection.internal.PersistentSet.toString(PersistentSet.java:328) ~[hibernate-core-5.6.14.Final.jar:5.6.14.Final]
	at java.base/java.lang.StringConcatHelper.stringOf(StringConcatHelper.java:453) ~[na:na]
	at com.docker.initial.modal.exam.Category.toString(Category.java:14) ~[main/:na]
	at java.base/java.lang.StringConcatHelper.stringOf(StringConcatHelper.java:453) ~[na:na]
	at com.docker.initial.modal.exam.Quiz.toString(Quiz.java:12) ~[main/:na]
	at java.base/java.lang.String.valueOf(String.java:4216) ~[na:na]
	at java.base/java.lang.StringBuilder.append(StringBuilder.java:173) ~[na:na]
	at java.base/java.util.AbstractCollection.toString(AbstractCollection.java:457) ~[na:na]
	at org.hibernate.collection.internal.PersistentSet.toString(PersistentSet.java:328) ~[hibernate-core-5.6.14.Final.jar:5.6.14.Final]
	at java.base/java.lang.StringConcatHelper.stringOf(StringConcatHelper.java:453) ~[na:na]
	at com.docker.initial.modal.exam.Category.toString(Category.java:14) ~[main/:na]
	at java.base/java.lang.StringConcatHelper.stringOf(StringConcatHelper.java:453) ~[na:na]
	at com.docker.initial.modal.exam.Quiz.toString(Quiz.java:12) ~[main/:na]
	at java.base/java.lang.String.valueOf(String.java:4216) ~[na:na]
	at java.base/java.lang.StringBuilder.append(StringBuilder.java:173) ~[na:na]
	at java.base/java.util.AbstractCollection.toString(AbstractCollection.java:457) ~[na:na]
	at org.hibernate.collection.internal.PersistentSet.toString(PersistentSet.java:328) ~[hibernate-core-5.6.14.Final.jar:5.6.14.Final]
	at java.base/java.lang.StringConcatHelper.stringOf(StringConcatHelper.java:453) ~[na:na]
	at com.docker.initial.modal.exam.Category.toString(Category.java:14) ~[main/:na]
	at java.base/java.lang.StringConcatHelper.stringOf(StringConcatHelper.java:453) ~[na:na]
	at com.docker.initial.modal.exam.Quiz.toString(Quiz.java:12) ~[main/:na]
	at java.base/java.lang.String.valueOf(String.java:4216) ~[na:na]
	at java.base/java.lang.StringBuilder.append(StringBuilder.java:173) ~[na:na]
	at java.base/java.util.AbstractCollection.toString(AbstractCollection.java:457) ~[na:na]
	at org.hibernate.collection.internal.PersistentSet.toString(PersistentSet.java:328) ~[hibernate-core-5.6.14.Final.jar:5.6.14.Final]
	at java.base/java.lang.StringConcatHelper.stringOf(StringConcatHelper.java:453) ~[na:na]
	at com.docker.initial.modal.exam.Category.toString(Category.java:14) ~[main/:na]
	at java.base/java.lang.StringConcatHelper.stringOf(StringConcatHelper.java:453) ~[na:na]
	at com.docker.initial.modal.exam.Quiz.toString(Quiz.java:12) ~[main/:na]
	at java.base/java.lang.String.valueOf(String.java:4216) ~[na:na]
	at java.base/java.lang.StringBuilder.append(StringBuilder.java:173) ~[na:na]
	at java.base/java.util.AbstractCollection.toString(AbstractCollection.java:457) ~[na:na]
	at org.hibernate.collection.internal.PersistentSet.toString(PersistentSet.java:328) ~[hibernate-core-5.6.14.Final.jar:5.6.14.Final]
	at java.base/java.lang.StringConcatHelper.stringOf(StringConcatHelper.java:453) ~[na:na]
	at com.docker.initial.modal.exam.Category.toString(Category.java:14) ~[main/:na]
	at java.base/java.lang.StringConcatHelper.stringOf(StringConcatHelper.java:453) ~[na:na]
	at com.docker.initial.modal.exam.Quiz.toString(Quiz.java:12) ~[main/:na]
	at java.base/java.lang.String.valueOf(String.java:4216) ~[na:na]
	at java.base/java.lang.StringBuilder.append(StringBuilder.java:173) ~[na:na]
	at java.base/java.util.AbstractCollection.toString(AbstractCollection.java:457) ~[na:na]
	at org.hibernate.collection.internal.PersistentSet.toString(PersistentSet.java:328) ~[hibernate-core-5.6.14.Final.jar:5.6.14.Final]
	at java.base/java.lang.StringConcatHelper.stringOf(StringConcatHelper.java:453) ~[na:na]
	at com.docker.initial.modal.exam.Category.toString(Category.java:14) ~[main/:na]
	at java.base/java.lang.StringConcatHelper.stringOf(StringConcatHelper.java:453) ~[na:na]
	at com.docker.initial.modal.exam.Quiz.toString(Quiz.java:12) ~[main/:na]
	at java.base/java.lang.String.valueOf(String.java:4216) ~[na:na]
	at java.base/java.lang.StringBuilder.append(StringBuilder.java:173) ~[na:na]
	at java.base/java.util.AbstractCollection.toString(AbstractCollection.java:457) ~[na:na]
	at org.hibernate.collection.internal.PersistentSet.toString(PersistentSet.java:328) ~[hibernate-core-5.6.14.Final.jar:5.6.14.Final]
	at java.base/java.lang.StringConcatHelper.stringOf(StringConcatHelper.java:453) ~[na:na]
	at com.docker.initial.modal.exam.Category.toString(Category.java:14) ~[main/:na]
	at java.base/java.lang.StringConcatHelper.stringOf(StringConcatHelper.java:453) ~[na:na]
	at com.docker.initial.modal.exam.Quiz.toString(Quiz.java:12) ~[main/:na]
	at java.base/java.lang.String.valueOf(String.java:4216) ~[na:na]
	at java.base/java.lang.StringBuilder.append(StringBuilder.java:173) ~[na:na]
	at java.base/java.util.AbstractCollection.toString(AbstractCollection.java:457) ~[na:na]
	at org.hibernate.collection.internal.PersistentSet.toString(PersistentSet.java:328) ~[hibernate-core-5.6.14.Final.jar:5.6.14.Final]
	at java.base/java.lang.StringConcatHelper.stringOf(StringConcatHelper.java:453) ~[na:na]
	at com.docker.initial.modal.exam.Category.toString(Category.java:14) ~[main/:na]
	at java.base/java.lang.StringConcatHelper.stringOf(StringConcatHelper.java:453) ~[na:na]
	at com.docker.initial.modal.exam.Quiz.toString(Quiz.java:12) ~[main/:na]
	at java.base/java.lang.String.valueOf(String.java:4216) ~[na:na]
	at java.base/java.lang.StringBuilder.append(StringBuilder.java:173) ~[na:na]
	at java.base/java.util.AbstractCollection.toString(AbstractCollection.java:457) ~[na:na]
	at org.hibernate.collection.internal.PersistentSet.toString(PersistentSet.java:328) ~[hibernate-core-5.6.14.Final.jar:5.6.14.Final]
	at java.base/java.lang.StringConcatHelper.stringOf(StringConcatHelper.java:453) ~[na:na]
	at com.docker.initial.modal.exam.Category.toString(Category.java:14) ~[main/:na]
	at java.base/java.lang.StringConcatHelper.stringOf(StringConcatHelper.java:453) ~[na:na]
	at com.docker.initial.modal.exam.Quiz.toString(Quiz.java:12) ~[main/:na]
	at java.base/java.lang.String.valueOf(String.java:4216) ~[na:na]
	at java.base/java.lang.StringBuilder.append(StringBuilder.java:173) ~[na:na]
	at java.base/java.util.AbstractCollection.toString(AbstractCollection.java:457) ~[na:na]
	at org.hibernate.collection.internal.PersistentSet.toString(PersistentSet.java:328) ~[hibernate-core-5.6.14.Final.jar:5.6.14.Final]
	at java.base/java.lang.StringConcatHelper.stringOf(StringConcatHelper.java:453) ~[na:na]
	at com.docker.initial.modal.exam.Category.toString(Category.java:14) ~[main/:na]
	at java.base/java.lang.StringConcatHelper.stringOf(StringConcatHelper.java:453) ~[na:na]
	at com.docker.initial.modal.exam.Quiz.toString(Quiz.java:12) ~[main/:na]
	at java.base/java.lang.String.valueOf(String.java:4216) ~[na:na]
	at java.base/java.lang.StringBuilder.append(StringBuilder.java:173) ~[na:na]
	at java.base/java.util.AbstractCollection.toString(AbstractCollection.java:457) ~[na:na]
	at org.hibernate.collection.internal.PersistentSet.toString(PersistentSet.java:328) ~[hibernate-core-5.6.14.Final.jar:5.6.14.Final]
	at java.base/java.lang.StringConcatHelper.stringOf(StringConcatHelper.java:453) ~[na:na]
	at com.docker.initial.modal.exam.Category.toString(Category.java:14) ~[main/:na]
	at java.base/java.lang.StringConcatHelper.stringOf(StringConcatHelper.java:453) ~[na:na]
	at com.docker.initial.modal.exam.Quiz.toString(Quiz.java:12) ~[main/:na]
	at java.base/java.lang.String.valueOf(String.java:4216) ~[na:na]
	at java.base/java.lang.StringBuilder.append(StringBuilder.java:173) ~[na:na]
	at java.base/java.util.AbstractCollection.toString(AbstractCollection.java:457) ~[na:na]
	at org.hibernate.collection.internal.PersistentSet.toString(PersistentSet.java:328) ~[hibernate-core-5.6.14.Final.jar:5.6.14.Final]
	at java.base/java.lang.StringConcatHelper.stringOf(StringConcatHelper.java:453) ~[na:na]
	at com.docker.initial.modal.exam.Category.toString(Category.java:14) ~[main/:na]
	at java.base/java.lang.StringConcatHelper.stringOf(StringConcatHelper.java:453) ~[na:na]
	at com.docker.initial.modal.exam.Quiz.toString(Quiz.java:12) ~[main/:na]
	at java.base/java.lang.String.valueOf(String.java:4216) ~[na:na]
	at java.base/java.lang.StringBuilder.append(StringBuilder.java:173) ~[na:na]
	at java.base/java.util.AbstractCollection.toString(AbstractCollection.java:457) ~[na:na]
	at org.hibernate.collection.internal.PersistentSet.toString(PersistentSet.java:328) ~[hibernate-core-5.6.14.Final.jar:5.6.14.Final]
	at java.base/java.lang.StringConcatHelper.stringOf(StringConcatHelper.java:453) ~[na:na]
	at com.docker.initial.modal.exam.Category.toString(Category.java:14) ~[main/:na]
	at java.base/java.lang.StringConcatHelper.stringOf(StringConcatHelper.java:453) ~[na:na]
	at com.docker.initial.modal.exam.Quiz.toString(Quiz.java:12) ~[main/:na]
	at java.base/java.lang.String.valueOf(String.java:4216) ~[na:na]
	at java.base/java.lang.StringBuilder.append(StringBuilder.java:173) ~[na:na]
	at java.base/java.util.AbstractCollection.toString(AbstractCollection.java:457) ~[na:na]
	at org.hibernate.collection.internal.PersistentSet.toString(PersistentSet.java:328) ~[hibernate-core-5.6.14.Final.jar:5.6.14.Final]
	at java.base/java.lang.StringConcatHelper.stringOf(StringConcatHelper.java:453) ~[na:na]
	at com.docker.initial.modal.exam.Category.toString(Category.java:14) ~[main/:na]
	at java.base/java.lang.StringConcatHelper.stringOf(StringConcatHelper.java:453) ~[na:na]
	at com.docker.initial.modal.exam.Quiz.toString(Quiz.java:12) ~[main/:na]
	at java.base/java.lang.String.valueOf(String.java:4216) ~[na:na]
	at java.base/java.lang.StringBuilder.append(StringBuilder.java:173) ~[na:na]
	at java.base/java.util.AbstractCollection.toString(AbstractCollection.java:457) ~[na:na]
	at org.hibernate.collection.internal.PersistentSet.toString(PersistentSet.java:328) ~[hibernate-core-5.6.14.Final.jar:5.6.14.Final]
	at java.base/java.lang.StringConcatHelper.stringOf(StringConcatHelper.java:453) ~[na:na]
	at com.docker.initial.modal.exam.Category.toString(Category.java:14) ~[main/:na]
	at java.base/java.lang.StringConcatHelper.stringOf(StringConcatHelper.java:453) ~[na:na]
	at com.docker.initial.modal.exam.Quiz.toString(Quiz.java:12) ~[main/:na]
	at java.base/java.lang.String.valueOf(String.java:4216) ~[na:na]
	at java.base/java.lang.StringBuilder.append(StringBuilder.java:173) ~[na:na]
	at java.base/java.util.AbstractCollection.toString(AbstractCollection.java:457) ~[na:na]
	at org.hibernate.collection.internal.PersistentSet.toString(PersistentSet.java:328) ~[hibernate-core-5.6.14.Final.jar:5.6.14.Final]
	at java.base/java.lang.StringConcatHelper.stringOf(StringConcatHelper.java:453) ~[na:na]
	at com.docker.initial.modal.exam.Category.toString(Category.java:14) ~[main/:na]
	at java.base/java.lang.StringConcatHelper.stringOf(StringConcatHelper.java:453) ~[na:na]
	at com.docker.initial.modal.exam.Quiz.toString(Quiz.java:12) ~[main/:na]
	at java.base/java.lang.String.valueOf(String.java:4216) ~[na:na]
	at java.base/java.lang.StringBuilder.append(StringBuilder.java:173) ~[na:na]
	at java.base/java.util.AbstractCollection.toString(AbstractCollection.java:457) ~[na:na]
	at org.hibernate.collection.internal.PersistentSet.toString(PersistentSet.java:328) ~[hibernate-core-5.6.14.Final.jar:5.6.14.Final]
	at java.base/java.lang.StringConcatHelper.stringOf(StringConcatHelper.java:453) ~[na:na]
	at com.docker.initial.modal.exam.Category.toString(Category.java:14) ~[main/:na]
	at java.base/java.lang.StringConcatHelper.stringOf(StringConcatHelper.java:453) ~[na:na]
	at com.docker.initial.modal.exam.Quiz.toString(Quiz.java:12) ~[main/:na]
	at java.base/java.lang.String.valueOf(String.java:4216) ~[na:na]
	at java.base/java.lang.StringBuilder.append(StringBuilder.java:173) ~[na:na]
	at java.base/java.util.AbstractCollection.toString(AbstractCollection.java:457) ~[na:na]
	at org.hibernate.collection.internal.PersistentSet.toString(PersistentSet.java:328) ~[hibernate-core-5.6.14.Final.jar:5.6.14.Final]
	at java.base/java.lang.StringConcatHelper.stringOf(StringConcatHelper.java:453) ~[na:na]
	at com.docker.initial.modal.exam.Category.toString(Category.java:14) ~[main/:na]
	at java.base/java.lang.StringConcatHelper.stringOf(StringConcatHelper.java:453) ~[na:na]
	at com.docker.initial.modal.exam.Quiz.toString(Quiz.java:12) ~[main/:na]
	at java.base/java.lang.String.valueOf(String.java:4216) ~[na:na]
	at java.base/java.lang.StringBuilder.append(StringBuilder.java:173) ~[na:na]
	at java.base/java.util.AbstractCollection.toString(AbstractCollection.java:457) ~[na:na]
	at org.hibernate.collection.internal.PersistentSet.toString(PersistentSet.java:328) ~[hibernate-core-5.6.14.Final.jar:5.6.14.Final]
	at java.base/java.lang.StringConcatHelper.stringOf(StringConcatHelper.java:453) ~[na:na]
	at com.docker.initial.modal.exam.Category.toString(Category.java:14) ~[main/:na]
	at java.base/java.lang.StringConcatHelper.stringOf(StringConcatHelper.java:453) ~[na:na]
	at com.docker.initial.modal.exam.Quiz.toString(Quiz.java:12) ~[main/:na]
	at java.base/java.lang.String.valueOf(String.java:4216) ~[na:na]
	at java.base/java.lang.StringBuilder.append(StringBuilder.java:173) ~[na:na]
	at java.base/java.util.AbstractCollection.toString(AbstractCollection.java:457) ~[na:na]
	at org.hibernate.collection.internal.PersistentSet.toString(PersistentSet.java:328) ~[hibernate-core-5.6.14.Final.jar:5.6.14.Final]
	at java.base/java.lang.StringConcatHelper.stringOf(StringConcatHelper.java:453) ~[na:na]
	at com.docker.initial.modal.exam.Category.toString(Category.java:14) ~[main/:na]
	at java.base/java.lang.StringConcatHelper.stringOf(StringConcatHelper.java:453) ~[na:na]
	at com.docker.initial.modal.exam.Quiz.toString(Quiz.java:12) ~[main/:na]
	at java.base/java.lang.String.valueOf(String.java:4216) ~[na:na]
	at java.base/java.lang.StringBuilder.append(StringBuilder.java:173) ~[na:na]
	at java.base/java.util.AbstractCollection.toString(AbstractCollection.java:457) ~[na:na]
	at org.hibernate.collection.internal.PersistentSet.toString(PersistentSet.java:328) ~[hibernate-core-5.6.14.Final.jar:5.6.14.Final]
	at java.base/java.lang.StringConcatHelper.stringOf(StringConcatHelper.java:453) ~[na:na]
	at com.docker.initial.modal.exam.Category.toString(Category.java:14) ~[main/:na]
	at java.base/java.lang.StringConcatHelper.stringOf(StringConcatHelper.java:453) ~[na:na]
	at com.docker.initial.modal.exam.Quiz.toString(Quiz.java:12) ~[main/:na]
	at java.base/java.lang.String.valueOf(String.java:4216) ~[na:na]
	at java.base/java.lang.StringBuilder.append(StringBuilder.java:173) ~[na:na]
	at java.base/java.util.AbstractCollection.toString(AbstractCollection.java:457) ~[na:na]
	at org.hibernate.collection.internal.PersistentSet.toString(PersistentSet.java:328) ~[hibernate-core-5.6.14.Final.jar:5.6.14.Final]
	at java.base/java.lang.StringConcatHelper.stringOf(StringConcatHelper.java:453) ~[na:na]
	at com.docker.initial.modal.exam.Category.toString(Category.java:14) ~[main/:na]
	at java.base/java.lang.StringConcatHelper.stringOf(StringConcatHelper.java:453) ~[na:na]
	at com.docker.initial.modal.exam.Quiz.toString(Quiz.java:12) ~[main/:na]
	at java.base/java.lang.String.valueOf(String.java:4216) ~[na:na]
	at java.base/java.lang.StringBuilder.append(StringBuilder.java:173) ~[na:na]
	at java.base/java.util.AbstractCollection.toString(AbstractCollection.java:457) ~[na:na]
	at org.hibernate.collection.internal.PersistentSet.toString(PersistentSet.java:328) ~[hibernate-core-5.6.14.Final.jar:5.6.14.Final]
	at java.base/java.lang.StringConcatHelper.stringOf(StringConcatHelper.java:453) ~[na:na]
	at com.docker.initial.modal.exam.Category.toString(Category.java:14) ~[main/:na]
	at java.base/java.lang.StringConcatHelper.stringOf(StringConcatHelper.java:453) ~[na:na]
	at com.docker.initial.modal.exam.Quiz.toString(Quiz.java:12) ~[main/:na]
	at java.base/java.lang.String.valueOf(String.java:4216) ~[na:na]
	at java.base/java.lang.StringBuilder.append(StringBuilder.java:173) ~[na:na]
	at java.base/java.util.AbstractCollection.toString(AbstractCollection.java:457) ~[na:na]
	at org.hibernate.collection.internal.PersistentSet.toString(PersistentSet.java:328) ~[hibernate-core-5.6.14.Final.jar:5.6.14.Final]
	at java.base/java.lang.StringConcatHelper.stringOf(StringConcatHelper.java:453) ~[na:na]
	at com.docker.initial.modal.exam.Category.toString(Category.java:14) ~[main/:na]
	at java.base/java.lang.StringConcatHelper.stringOf(StringConcatHelper.java:453) ~[na:na]
	at com.docker.initial.modal.exam.Quiz.toString(Quiz.java:12) ~[main/:na]
	at java.base/java.lang.String.valueOf(String.java:4216) ~[na:na]
	at java.base/java.lang.StringBuilder.append(StringBuilder.java:173) ~[na:na]
	at java.base/java.util.AbstractCollection.toString(AbstractCollection.java:457) ~[na:na]
	at org.hibernate.collection.internal.PersistentSet.toString(PersistentSet.java:328) ~[hibernate-core-5.6.14.Final.jar:5.6.14.Final]
	at java.base/java.lang.StringConcatHelper.stringOf(StringConcatHelper.java:453) ~[na:na]
	at com.docker.initial.modal.exam.Category.toString(Category.java:14) ~[main/:na]
	at java.base/java.lang.StringConcatHelper.stringOf(StringConcatHelper.java:453) ~[na:na]
	at com.docker.initial.modal.exam.Quiz.toString(Quiz.java:12) ~[main/:na]
	at java.base/java.lang.String.valueOf(String.java:4216) ~[na:na]
	at java.base/java.lang.StringBuilder.append(StringBuilder.java:173) ~[na:na]
	at java.base/java.util.AbstractCollection.toString(AbstractCollection.java:457) ~[na:na]
	at org.hibernate.collection.internal.PersistentSet.toString(PersistentSet.java:328) ~[hibernate-core-5.6.14.Final.jar:5.6.14.Final]
	at java.base/java.lang.StringConcatHelper.stringOf(StringConcatHelper.java:453) ~[na:na]
	at com.docker.initial.modal.exam.Category.toString(Category.java:14) ~[main/:na]
	at java.base/java.lang.StringConcatHelper.stringOf(StringConcatHelper.java:453) ~[na:na]
	at com.docker.initial.modal.exam.Quiz.toString(Quiz.java:12) ~[main/:na]
	at java.base/java.lang.String.valueOf(String.java:4216) ~[na:na]
	at java.base/java.lang.StringBuilder.append(StringBuilder.java:173) ~[na:na]
	at java.base/java.util.AbstractCollection.toString(AbstractCollection.java:457) ~[na:na]
	at org.hibernate.collection.internal.PersistentSet.toString(PersistentSet.java:328) ~[hibernate-core-5.6.14.Final.jar:5.6.14.Final]
	at java.base/java.lang.StringConcatHelper.stringOf(StringConcatHelper.java:453) ~[na:na]
	at com.docker.initial.modal.exam.Category.toString(Category.java:14) ~[main/:na]
	at java.base/java.lang.StringConcatHelper.stringOf(StringConcatHelper.java:453) ~[na:na]
	at com.docker.initial.modal.exam.Quiz.toString(Quiz.java:12) ~[main/:na]
	at java.base/java.lang.String.valueOf(String.java:4216) ~[na:na]
	at java.base/java.lang.StringBuilder.append(StringBuilder.java:173) ~[na:na]
	at java.base/java.util.AbstractCollection.toString(AbstractCollection.java:457) ~[na:na]
	at org.hibernate.collection.internal.PersistentSet.toString(PersistentSet.java:328) ~[hibernate-core-5.6.14.Final.jar:5.6.14.Final]
	at java.base/java.lang.StringConcatHelper.stringOf(StringConcatHelper.java:453) ~[na:na]
	at com.docker.initial.modal.exam.Category.toString(Category.java:14) ~[main/:na]
	at java.base/java.lang.StringConcatHelper.stringOf(StringConcatHelper.java:453) ~[na:na]
	at com.docker.initial.modal.exam.Quiz.toString(Quiz.java:12) ~[main/:na]
	at java.base/java.lang.String.valueOf(String.java:4216) ~[na:na]
	at java.base/java.lang.StringBuilder.append(StringBuilder.java:173) ~[na:na]
	at java.base/java.util.AbstractCollection.toString(AbstractCollection.java:457) ~[na:na]
	at org.hibernate.collection.internal.PersistentSet.toString(PersistentSet.java:328) ~[hibernate-core-5.6.14.Final.jar:5.6.14.Final]
	at java.base/java.lang.StringConcatHelper.stringOf(StringConcatHelper.java:453) ~[na:na]
	at com.docker.initial.modal.exam.Category.toString(Category.java:14) ~[main/:na]
	at java.base/java.lang.StringConcatHelper.stringOf(StringConcatHelper.java:453) ~[na:na]
	at com.docker.initial.modal.exam.Quiz.toString(Quiz.java:12) ~[main/:na]
	at java.base/java.lang.String.valueOf(String.java:4216) ~[na:na]
	at java.base/java.lang.StringBuilder.append(StringBuilder.java:173) ~[na:na]
	at java.base/java.util.AbstractCollection.toString(AbstractCollection.java:457) ~[na:na]
	at org.hibernate.collection.internal.PersistentSet.toString(PersistentSet.java:328) ~[hibernate-core-5.6.14.Final.jar:5.6.14.Final]
	at java.base/java.lang.StringConcatHelper.stringOf(StringConcatHelper.java:453) ~[na:na]
	at com.docker.initial.modal.exam.Category.toString(Category.java:14) ~[main/:na]
	at java.base/java.lang.StringConcatHelper.stringOf(StringConcatHelper.java:453) ~[na:na]
	at com.docker.initial.modal.exam.Quiz.toString(Quiz.java:12) ~[main/:na]
	at java.base/java.lang.String.valueOf(String.java:4216) ~[na:na]
	at java.base/java.lang.StringBuilder.append(StringBuilder.java:173) ~[na:na]
	at java.base/java.util.AbstractCollection.toString(AbstractCollection.java:457) ~[na:na]
	at org.hibernate.collection.internal.PersistentSet.toString(PersistentSet.java:328) ~[hibernate-core-5.6.14.Final.jar:5.6.14.Final]
	at java.base/java.lang.StringConcatHelper.stringOf(StringConcatHelper.java:453) ~[na:na]
	at com.docker.initial.modal.exam.Category.toString(Category.java:14) ~[main/:na]
	at java.base/java.lang.StringConcatHelper.stringOf(StringConcatHelper.java:453) ~[na:na]
	at com.docker.initial.modal.exam.Quiz.toString(Quiz.java:12) ~[main/:na]
	at java.base/java.lang.String.valueOf(String.java:4216) ~[na:na]
	at java.base/java.lang.StringBuilder.append(StringBuilder.java:173) ~[na:na]
	at java.base/java.util.AbstractCollection.toString(AbstractCollection.java:457) ~[na:na]
	at org.hibernate.collection.internal.PersistentSet.toString(PersistentSet.java:328) ~[hibernate-core-5.6.14.Final.jar:5.6.14.Final]
	at java.base/java.lang.StringConcatHelper.stringOf(StringConcatHelper.java:453) ~[na:na]
	at com.docker.initial.modal.exam.Category.toString(Category.java:14) ~[main/:na]
	at java.base/java.lang.StringConcatHelper.stringOf(StringConcatHelper.java:453) ~[na:na]
	at com.docker.initial.modal.exam.Quiz.toString(Quiz.java:12) ~[main/:na]
	at java.base/java.lang.String.valueOf(String.java:4216) ~[na:na]
	at java.base/java.lang.StringBuilder.append(StringBuilder.java:173) ~[na:na]
	at java.base/java.util.AbstractCollection.toString(AbstractCollection.java:457) ~[na:na]
	at org.hibernate.collection.internal.PersistentSet.toString(PersistentSet.java:328) ~[hibernate-core-5.6.14.Final.jar:5.6.14.Final]
	at java.base/java.lang.StringConcatHelper.stringOf(StringConcatHelper.java:453) ~[na:na]
	at com.docker.initial.modal.exam.Category.toString(Category.java:14) ~[main/:na]
	at java.base/java.lang.StringConcatHelper.stringOf(StringConcatHelper.java:453) ~[na:na]
	at com.docker.initial.modal.exam.Quiz.toString(Quiz.java:12) ~[main/:na]
	at java.base/java.lang.String.valueOf(String.java:4216) ~[na:na]
	at java.base/java.lang.StringBuilder.append(StringBuilder.java:173) ~[na:na]
	at java.base/java.util.AbstractCollection.toString(AbstractCollection.java:457) ~[na:na]
	at org.hibernate.collection.internal.PersistentSet.toString(PersistentSet.java:328) ~[hibernate-core-5.6.14.Final.jar:5.6.14.Final]
	at java.base/java.lang.StringConcatHelper.stringOf(StringConcatHelper.java:453) ~[na:na]
	at com.docker.initial.modal.exam.Category.toString(Category.java:14) ~[main/:na]
	at java.base/java.lang.StringConcatHelper.stringOf(StringConcatHelper.java:453) ~[na:na]
	at com.docker.initial.modal.exam.Quiz.toString(Quiz.java:12) ~[main/:na]
	at java.base/java.lang.String.valueOf(String.java:4216) ~[na:na]
	at java.base/java.lang.StringBuilder.append(StringBuilder.java:173) ~[na:na]
	at java.base/java.util.AbstractCollection.toString(AbstractCollection.java:457) ~[na:na]
	at org.hibernate.collection.internal.PersistentSet.toString(PersistentSet.java:328) ~[hibernate-core-5.6.14.Final.jar:5.6.14.Final]
	at java.base/java.lang.StringConcatHelper.stringOf(StringConcatHelper.java:453) ~[na:na]
	at com.docker.initial.modal.exam.Category.toString(Category.java:14) ~[main/:na]
	at java.base/java.lang.StringConcatHelper.stringOf(StringConcatHelper.java:453) ~[na:na]
	at com.docker.initial.modal.exam.Quiz.toString(Quiz.java:12) ~[main/:na]
	at java.base/java.lang.String.valueOf(String.java:4216) ~[na:na]
	at java.base/java.lang.StringBuilder.append(StringBuilder.java:173) ~[na:na]
	at java.base/java.util.AbstractCollection.toString(AbstractCollection.java:457) ~[na:na]
	at org.hibernate.collection.internal.PersistentSet.toString(PersistentSet.java:328) ~[hibernate-core-5.6.14.Final.jar:5.6.14.Final]
	at java.base/java.lang.StringConcatHelper.stringOf(StringConcatHelper.java:453) ~[na:na]
	at com.docker.initial.modal.exam.Category.toString(Category.java:14) ~[main/:na]
	at java.base/java.lang.StringConcatHelper.stringOf(StringConcatHelper.java:453) ~[na:na]
	at com.docker.initial.modal.exam.Quiz.toString(Quiz.java:12) ~[main/:na]
	at java.base/java.lang.String.valueOf(String.java:4216) ~[na:na]
	at java.base/java.lang.StringBuilder.append(StringBuilder.java:173) ~[na:na]
	at java.base/java.util.AbstractCollection.toString(AbstractCollection.java:457) ~[na:na]
	at org.hibernate.collection.internal.PersistentSet.toString(PersistentSet.java:328) ~[hibernate-core-5.6.14.Final.jar:5.6.14.Final]
	at java.base/java.lang.StringConcatHelper.stringOf(StringConcatHelper.java:453) ~[na:na]
	at com.docker.initial.modal.exam.Category.toString(Category.java:14) ~[main/:na]
	at java.base/java.lang.StringConcatHelper.stringOf(StringConcatHelper.java:453) ~[na:na]
	at com.docker.initial.modal.exam.Quiz.toString(Quiz.java:12) ~[main/:na]
	at java.base/java.lang.String.valueOf(String.java:4216) ~[na:na]
	at java.base/java.lang.StringBuilder.append(StringBuilder.java:173) ~[na:na]
	at java.base/java.util.AbstractCollection.toString(AbstractCollection.java:457) ~[na:na]
	at org.hibernate.collection.internal.PersistentSet.toString(PersistentSet.java:328) ~[hibernate-core-5.6.14.Final.jar:5.6.14.Final]
	at java.base/java.lang.StringConcatHelper.stringOf(StringConcatHelper.java:453) ~[na:na]
	at com.docker.initial.modal.exam.Category.toString(Category.java:14) ~[main/:na]
	at java.base/java.lang.StringConcatHelper.stringOf(StringConcatHelper.java:453) ~[na:na]
	at com.docker.initial.modal.exam.Quiz.toString(Quiz.java:12) ~[main/:na]
	at java.base/java.lang.String.valueOf(String.java:4216) ~[na:na]
	at java.base/java.lang.StringBuilder.append(StringBuilder.java:173) ~[na:na]
	at java.base/java.util.AbstractCollection.toString(AbstractCollection.java:457) ~[na:na]
	at org.hibernate.collection.internal.PersistentSet.toString(PersistentSet.java:328) ~[hibernate-core-5.6.14.Final.jar:5.6.14.Final]
	at java.base/java.lang.StringConcatHelper.stringOf(StringConcatHelper.java:453) ~[na:na]
	at com.docker.initial.modal.exam.Category.toString(Category.java:14) ~[main/:na]
	at java.base/java.lang.StringConcatHelper.stringOf(StringConcatHelper.java:453) ~[na:na]
	at com.docker.initial.modal.exam.Quiz.toString(Quiz.java:12) ~[main/:na]
	at java.base/java.lang.String.valueOf(String.java:4216) ~[na:na]
	at java.base/java.lang.StringBuilder.append(StringBuilder.java:173) ~[na:na]
	at java.base/java.util.AbstractCollection.toString(AbstractCollection.java:457) ~[na:na]
	at org.hibernate.collection.internal.PersistentSet.toString(PersistentSet.java:328) ~[hibernate-core-5.6.14.Final.jar:5.6.14.Final]
	at java.base/java.lang.StringConcatHelper.stringOf(StringConcatHelper.java:453) ~[na:na]
	at com.docker.initial.modal.exam.Category.toString(Category.java:14) ~[main/:na]
	at java.base/java.lang.StringConcatHelper.stringOf(StringConcatHelper.java:453) ~[na:na]
	at com.docker.initial.modal.exam.Quiz.toString(Quiz.java:12) ~[main/:na]
	at java.base/java.lang.String.valueOf(String.java:4216) ~[na:na]
	at java.base/java.lang.StringBuilder.append(StringBuilder.java:173) ~[na:na]
	at java.base/java.util.AbstractCollection.toString(AbstractCollection.java:457) ~[na:na]
	at org.hibernate.collection.internal.PersistentSet.toString(PersistentSet.java:328) ~[hibernate-core-5.6.14.Final.jar:5.6.14.Final]
	at java.base/java.lang.StringConcatHelper.stringOf(StringConcatHelper.java:453) ~[na:na]
	at com.docker.initial.modal.exam.Category.toString(Category.java:14) ~[main/:na]
	at java.base/java.lang.StringConcatHelper.stringOf(StringConcatHelper.java:453) ~[na:na]
	at com.docker.initial.modal.exam.Quiz.toString(Quiz.java:12) ~[main/:na]
	at java.base/java.lang.String.valueOf(String.java:4216) ~[na:na]
	at java.base/java.lang.StringBuilder.append(StringBuilder.java:173) ~[na:na]
	at java.base/java.util.AbstractCollection.toString(AbstractCollection.java:457) ~[na:na]
	at org.hibernate.collection.internal.PersistentSet.toString(PersistentSet.java:328) ~[hibernate-core-5.6.14.Final.jar:5.6.14.Final]
	at java.base/java.lang.StringConcatHelper.stringOf(StringConcatHelper.java:453) ~[na:na]
	at com.docker.initial.modal.exam.Category.toString(Category.java:14) ~[main/:na]
	at java.base/java.lang.StringConcatHelper.stringOf(StringConcatHelper.java:453) ~[na:na]
	at com.docker.initial.modal.exam.Quiz.toString(Quiz.java:12) ~[main/:na]
	at java.base/java.lang.String.valueOf(String.java:4216) ~[na:na]
	at java.base/java.lang.StringBuilder.append(StringBuilder.java:173) ~[na:na]
	at java.base/java.util.AbstractCollection.toString(AbstractCollection.java:457) ~[na:na]
	at org.hibernate.collection.internal.PersistentSet.toString(PersistentSet.java:328) ~[hibernate-core-5.6.14.Final.jar:5.6.14.Final]
	at java.base/java.lang.StringConcatHelper.stringOf(StringConcatHelper.java:453) ~[na:na]
	at com.docker.initial.modal.exam.Category.toString(Category.java:14) ~[main/:na]
	at java.base/java.lang.StringConcatHelper.stringOf(StringConcatHelper.java:453) ~[na:na]
	at com.docker.initial.modal.exam.Quiz.toString(Quiz.java:12) ~[main/:na]
	at java.base/java.lang.String.valueOf(String.java:4216) ~[na:na]
	at java.base/java.lang.StringBuilder.append(StringBuilder.java:173) ~[na:na]
	at java.base/java.util.AbstractCollection.toString(AbstractCollection.java:457) ~[na:na]
	at org.hibernate.collection.internal.PersistentSet.toString(PersistentSet.java:328) ~[hibernate-core-5.6.14.Final.jar:5.6.14.Final]
	at java.base/java.lang.StringConcatHelper.stringOf(StringConcatHelper.java:453) ~[na:na]
	at com.docker.initial.modal.exam.Category.toString(Category.java:14) ~[main/:na]
	at java.base/java.lang.StringConcatHelper.stringOf(StringConcatHelper.java:453) ~[na:na]
	at com.docker.initial.modal.exam.Quiz.toString(Quiz.java:12) ~[main/:na]
	at java.base/java.lang.String.valueOf(String.java:4216) ~[na:na]
	at java.base/java.lang.StringBuilder.append(StringBuilder.java:173) ~[na:na]
	at java.base/java.util.AbstractCollection.toString(AbstractCollection.java:457) ~[na:na]
	at org.hibernate.collection.internal.PersistentSet.toString(PersistentSet.java:328) ~[hibernate-core-5.6.14.Final.jar:5.6.14.Final]
	at java.base/java.lang.StringConcatHelper.stringOf(StringConcatHelper.java:453) ~[na:na]
	at com.docker.initial.modal.exam.Category.toString(Category.java:14) ~[main/:na]
	at java.base/java.lang.StringConcatHelper.stringOf(StringConcatHelper.java:453) ~[na:na]
	at com.docker.initial.modal.exam.Quiz.toString(Quiz.java:12) ~[main/:na]
	at java.base/java.lang.String.valueOf(String.java:4216) ~[na:na]
	at java.base/java.lang.StringBuilder.append(StringBuilder.java:173) ~[na:na]
	at java.base/java.util.AbstractCollection.toString(AbstractCollection.java:457) ~[na:na]
	at org.hibernate.collection.internal.PersistentSet.toString(PersistentSet.java:328) ~[hibernate-core-5.6.14.Final.jar:5.6.14.Final]
	at java.base/java.lang.StringConcatHelper.stringOf(StringConcatHelper.java:453) ~[na:na]
	at com.docker.initial.modal.exam.Category.toString(Category.java:14) ~[main/:na]
	at java.base/java.lang.StringConcatHelper.stringOf(StringConcatHelper.java:453) ~[na:na]
	at com.docker.initial.modal.exam.Quiz.toString(Quiz.java:12) ~[main/:na]
	at java.base/java.lang.String.valueOf(String.java:4216) ~[na:na]
	at java.base/java.lang.StringBuilder.append(StringBuilder.java:173) ~[na:na]
	at java.base/java.util.AbstractCollection.toString(AbstractCollection.java:457) ~[na:na]
	at org.hibernate.collection.internal.PersistentSet.toString(PersistentSet.java:328) ~[hibernate-core-5.6.14.Final.jar:5.6.14.Final]
	at java.base/java.lang.StringConcatHelper.stringOf(StringConcatHelper.java:453) ~[na:na]
	at com.docker.initial.modal.exam.Category.toString(Category.java:14) ~[main/:na]
	at java.base/java.lang.StringConcatHelper.stringOf(StringConcatHelper.java:453) ~[na:na]
	at com.docker.initial.modal.exam.Quiz.toString(Quiz.java:12) ~[main/:na]
	at java.base/java.lang.String.valueOf(String.java:4216) ~[na:na]
	at java.base/java.lang.StringBuilder.append(StringBuilder.java:173) ~[na:na]
	at java.base/java.util.AbstractCollection.toString(AbstractCollection.java:457) ~[na:na]
	at org.hibernate.collection.internal.PersistentSet.toString(PersistentSet.java:328) ~[hibernate-core-5.6.14.Final.jar:5.6.14.Final]
	at java.base/java.lang.StringConcatHelper.stringOf(StringConcatHelper.java:453) ~[na:na]
	at com.docker.initial.modal.exam.Category.toString(Category.java:14) ~[main/:na]
	at java.base/java.lang.StringConcatHelper.stringOf(StringConcatHelper.java:453) ~[na:na]
	at com.docker.initial.modal.exam.Quiz.toString(Quiz.java:12) ~[main/:na]
	at java.base/java.lang.String.valueOf(String.java:4216) ~[na:na]
	at java.base/java.lang.StringBuilder.append(StringBuilder.java:173) ~[na:na]
	at java.base/java.util.AbstractCollection.toString(AbstractCollection.java:457) ~[na:na]
	at org.hibernate.collection.internal.PersistentSet.toString(PersistentSet.java:328) ~[hibernate-core-5.6.14.Final.jar:5.6.14.Final]
	at java.base/java.lang.StringConcatHelper.stringOf(StringConcatHelper.java:453) ~[na:na]
	at com.docker.initial.modal.exam.Category.toString(Category.java:14) ~[main/:na]
	at java.base/java.lang.StringConcatHelper.stringOf(StringConcatHelper.java:453) ~[na:na]
	at com.docker.initial.modal.exam.Quiz.toString(Quiz.java:12) ~[main/:na]
	at java.base/java.lang.String.valueOf(String.java:4216) ~[na:na]
	at java.base/java.lang.StringBuilder.append(StringBuilder.java:173) ~[na:na]
	at java.base/java.util.AbstractCollection.toString(AbstractCollection.java:457) ~[na:na]
	at org.hibernate.collection.internal.PersistentSet.toString(PersistentSet.java:328) ~[hibernate-core-5.6.14.Final.jar:5.6.14.Final]
	at java.base/java.lang.StringConcatHelper.stringOf(StringConcatHelper.java:453) ~[na:na]
	at com.docker.initial.modal.exam.Category.toString(Category.java:14) ~[main/:na]
	at java.base/java.lang.StringConcatHelper.stringOf(StringConcatHelper.java:453) ~[na:na]
	at com.docker.initial.modal.exam.Quiz.toString(Quiz.java:12) ~[main/:na]
	at java.base/java.lang.String.valueOf(String.java:4216) ~[na:na]
	at java.base/java.lang.StringBuilder.append(StringBuilder.java:173) ~[na:na]
	at java.base/java.util.AbstractCollection.toString(AbstractCollection.java:457) ~[na:na]
	at org.hibernate.collection.internal.PersistentSet.toString(PersistentSet.java:328) ~[hibernate-core-5.6.14.Final.jar:5.6.14.Final]
	at java.base/java.lang.StringConcatHelper.stringOf(StringConcatHelper.java:453) ~[na:na]
	at com.docker.initial.modal.exam.Category.toString(Category.java:14) ~[main/:na]
	at java.base/java.lang.StringConcatHelper.stringOf(StringConcatHelper.java:453) ~[na:na]
	at com.docker.initial.modal.exam.Quiz.toString(Quiz.java:12) ~[main/:na]
	at java.base/java.lang.String.valueOf(String.java:4216) ~[na:na]
	at java.base/java.lang.StringBuilder.append(StringBuilder.java:173) ~[na:na]
	at java.base/java.util.AbstractCollection.toString(AbstractCollection.java:457) ~[na:na]
	at org.hibernate.collection.internal.PersistentSet.toString(PersistentSet.java:328) ~[hibernate-core-5.6.14.Final.jar:5.6.14.Final]
	at java.base/java.lang.StringConcatHelper.stringOf(StringConcatHelper.java:453) ~[na:na]
	at com.docker.initial.modal.exam.Category.toString(Category.java:14) ~[main/:na]
	at java.base/java.lang.StringConcatHelper.stringOf(StringConcatHelper.java:453) ~[na:na]
	at com.docker.initial.modal.exam.Quiz.toString(Quiz.java:12) ~[main/:na]
	at java.base/java.lang.String.valueOf(String.java:4216) ~[na:na]
	at java.base/java.lang.StringBuilder.append(StringBuilder.java:173) ~[na:na]
	at java.base/java.util.AbstractCollection.toString(AbstractCollection.java:457) ~[na:na]
	at org.hibernate.collection.internal.PersistentSet.toString(PersistentSet.java:328) ~[hibernate-core-5.6.14.Final.jar:5.6.14.Final]
	at java.base/java.lang.StringConcatHelper.stringOf(StringConcatHelper.java:453) ~[na:na]
	at com.docker.initial.modal.exam.Category.toString(Category.java:14) ~[main/:na]
	at java.base/java.lang.StringConcatHelper.stringOf(StringConcatHelper.java:453) ~[na:na]
	at com.docker.initial.modal.exam.Quiz.toString(Quiz.java:12) ~[main/:na]
	at java.base/java.lang.String.valueOf(String.java:4216) ~[na:na]
	at java.base/java.lang.StringBuilder.append(StringBuilder.java:173) ~[na:na]
	at java.base/java.util.AbstractCollection.toString(AbstractCollection.java:457) ~[na:na]
	at org.hibernate.collection.internal.PersistentSet.toString(PersistentSet.java:328) ~[hibernate-core-5.6.14.Final.jar:5.6.14.Final]
	at java.base/java.lang.StringConcatHelper.stringOf(StringConcatHelper.java:453) ~[na:na]
	at com.docker.initial.modal.exam.Category.toString(Category.java:14) ~[main/:na]
	at java.base/java.lang.StringConcatHelper.stringOf(StringConcatHelper.java:453) ~[na:na]
	at com.docker.initial.modal.exam.Quiz.toString(Quiz.java:12) ~[main/:na]
	at java.base/java.lang.String.valueOf(String.java:4216) ~[na:na]
	at java.base/java.lang.StringBuilder.append(StringBuilder.java:173) ~[na:na]
	at java.base/java.util.AbstractCollection.toString(AbstractCollection.java:457) ~[na:na]
	at org.hibernate.collection.internal.PersistentSet.toString(PersistentSet.java:328) ~[hibernate-core-5.6.14.Final.jar:5.6.14.Final]
	at java.base/java.lang.StringConcatHelper.stringOf(StringConcatHelper.java:453) ~[na:na]
	at com.docker.initial.modal.exam.Category.toString(Category.java:14) ~[main/:na]
	at java.base/java.lang.StringConcatHelper.stringOf(StringConcatHelper.java:453) ~[na:na]
	at com.docker.initial.modal.exam.Quiz.toString(Quiz.java:12) ~[main/:na]
	at java.base/java.lang.String.valueOf(String.java:4216) ~[na:na]
	at java.base/java.lang.StringBuilder.append(StringBuilder.java:173) ~[na:na]
	at java.base/java.util.AbstractCollection.toString(AbstractCollection.java:457) ~[na:na]
	at org.hibernate.collection.internal.PersistentSet.toString(PersistentSet.java:328) ~[hibernate-core-5.6.14.Final.jar:5.6.14.Final]
	at java.base/java.lang.StringConcatHelper.stringOf(StringConcatHelper.java:453) ~[na:na]
	at com.docker.initial.modal.exam.Category.toString(Category.java:14) ~[main/:na]
	at java.base/java.lang.StringConcatHelper.stringOf(StringConcatHelper.java:453) ~[na:na]
	at com.docker.initial.modal.exam.Quiz.toString(Quiz.java:12) ~[main/:na]
	at java.base/java.lang.String.valueOf(String.java:4216) ~[na:na]
	at java.base/java.lang.StringBuilder.append(StringBuilder.java:173) ~[na:na]
	at java.base/java.util.AbstractCollection.toString(AbstractCollection.java:457) ~[na:na]
	at org.hibernate.collection.internal.PersistentSet.toString(PersistentSet.java:328) ~[hibernate-core-5.6.14.Final.jar:5.6.14.Final]
	at java.base/java.lang.StringConcatHelper.stringOf(StringConcatHelper.java:453) ~[na:na]
	at com.docker.initial.modal.exam.Category.toString(Category.java:14) ~[main/:na]
	at java.base/java.lang.StringConcatHelper.stringOf(StringConcatHelper.java:453) ~[na:na]
	at com.docker.initial.modal.exam.Quiz.toString(Quiz.java:12) ~[main/:na]
	at java.base/java.lang.String.valueOf(String.java:4216) ~[na:na]
	at java.base/java.lang.StringBuilder.append(StringBuilder.java:173) ~[na:na]
	at java.base/java.util.AbstractCollection.toString(AbstractCollection.java:457) ~[na:na]
	at org.hibernate.collection.internal.PersistentSet.toString(PersistentSet.java:328) ~[hibernate-core-5.6.14.Final.jar:5.6.14.Final]
	at java.base/java.lang.StringConcatHelper.stringOf(StringConcatHelper.java:453) ~[na:na]
	at com.docker.initial.modal.exam.Category.toString(Category.java:14) ~[main/:na]
	at java.base/java.lang.StringConcatHelper.stringOf(StringConcatHelper.java:453) ~[na:na]
	at com.docker.initial.modal.exam.Quiz.toString(Quiz.java:12) ~[main/:na]
	at java.base/java.lang.String.valueOf(String.java:4216) ~[na:na]
	at java.base/java.lang.StringBuilder.append(StringBuilder.java:173) ~[na:na]
	at java.base/java.util.AbstractCollection.toString(AbstractCollection.java:457) ~[na:na]
	at org.hibernate.collection.internal.PersistentSet.toString(PersistentSet.java:328) ~[hibernate-core-5.6.14.Final.jar:5.6.14.Final]
	at java.base/java.lang.StringConcatHelper.stringOf(StringConcatHelper.java:453) ~[na:na]
	at com.docker.initial.modal.exam.Category.toString(Category.java:14) ~[main/:na]
	at java.base/java.lang.StringConcatHelper.stringOf(StringConcatHelper.java:453) ~[na:na]
	at com.docker.initial.modal.exam.Quiz.toString(Quiz.java:12) ~[main/:na]
	at java.base/java.lang.String.valueOf(String.java:4216) ~[na:na]
	at java.base/java.lang.StringBuilder.append(StringBuilder.java:173) ~[na:na]
	at java.base/java.util.AbstractCollection.toString(AbstractCollection.java:457) ~[na:na]
	at org.hibernate.collection.internal.PersistentSet.toString(PersistentSet.java:328) ~[hibernate-core-5.6.14.Final.jar:5.6.14.Final]
	at java.base/java.lang.StringConcatHelper.stringOf(StringConcatHelper.java:453) ~[na:na]
	at com.docker.initial.modal.exam.Category.toString(Category.java:14) ~[main/:na]
	at java.base/java.lang.StringConcatHelper.stringOf(StringConcatHelper.java:453) ~[na:na]

2025-04-06 20:02:25.111 ERROR 18144 --- [http-nio-8081-exec-2] o.a.c.c.C.[.[.[/].[dispatcherServlet]    : Servlet.service() for servlet [dispatcherServlet] in context with path [] threw exception [Handler dispatch failed; nested exception is java.lang.StackOverflowError] with root cause

java.lang.StackOverflowError: null
	at com.docker.initial.modal.exam.Quiz.toString(Quiz.java:12) ~[main/:na]
	at java.base/java.lang.String.valueOf(String.java:4216) ~[na:na]
	at java.base/java.lang.StringBuilder.append(StringBuilder.java:173) ~[na:na]
	at java.base/java.util.AbstractCollection.toString(AbstractCollection.java:457) ~[na:na]
	at org.hibernate.collection.internal.PersistentSet.toString(PersistentSet.java:328) ~[hibernate-core-5.6.14.Final.jar:5.6.14.Final]
	at java.base/java.lang.StringConcatHelper.stringOf(StringConcatHelper.java:453) ~[na:na]
	at com.docker.initial.modal.exam.Category.toString(Category.java:14) ~[main/:na]
	at java.base/java.lang.StringConcatHelper.stringOf(StringConcatHelper.java:453) ~[na:na]
	at com.docker.initial.modal.exam.Quiz.toString(Quiz.java:12) ~[main/:na]
	at java.base/java.lang.String.valueOf(String.java:4216) ~[na:na]
	at java.base/java.lang.StringBuilder.append(StringBuilder.java:173) ~[na:na]
	at java.base/java.util.AbstractCollection.toString(AbstractCollection.java:457) ~[na:na]
	at org.hibernate.collection.internal.PersistentSet.toString(PersistentSet.java:328) ~[hibernate-core-5.6.14.Final.jar:5.6.14.Final]
	at java.base/java.lang.StringConcatHelper.stringOf(StringConcatHelper.java:453) ~[na:na]
	at com.docker.initial.modal.exam.Category.toString(Category.java:14) ~[main/:na]
	at java.base/java.lang.StringConcatHelper.stringOf(StringConcatHelper.java:453) ~[na:na]
	at com.docker.initial.modal.exam.Quiz.toString(Quiz.java:12) ~[main/:na]
	at java.base/java.lang.String.valueOf(String.java:4216) ~[na:na]
	at java.base/java.lang.StringBuilder.append(StringBuilder.java:173) ~[na:na]
	at java.base/java.util.AbstractCollection.toString(AbstractCollection.java:457) ~[na:na]
	at org.hibernate.collection.internal.PersistentSet.toString(PersistentSet.java:328) ~[hibernate-core-5.6.14.Final.jar:5.6.14.Final]
	at java.base/java.lang.StringConcatHelper.stringOf(StringConcatHelper.java:453) ~[na:na]
	at com.docker.initial.modal.exam.Category.toString(Category.java:14) ~[main/:na]
	at java.base/java.lang.StringConcatHelper.stringOf(StringConcatHelper.java:453) ~[na:na]
	at com.docker.initial.modal.exam.Quiz.toString(Quiz.java:12) ~[main/:na]
	at java.base/java.lang.String.valueOf(String.java:4216) ~[na:na]
	at java.base/java.lang.StringBuilder.append(StringBuilder.java:173) ~[na:na]
	at java.base/java.util.AbstractCollection.toString(AbstractCollection.java:457) ~[na:na]
	at org.hibernate.collection.internal.PersistentSet.toString(PersistentSet.java:328) ~[hibernate-core-5.6.14.Final.jar:5.6.14.Final]
	at java.base/java.lang.StringConcatHelper.stringOf(StringConcatHelper.java:453) ~[na:na]
	at com.docker.initial.modal.exam.Category.toString(Category.java:14) ~[main/:na]
	at java.base/java.lang.StringConcatHelper.stringOf(StringConcatHelper.java:453) ~[na:na]
	at com.docker.initial.modal.exam.Quiz.toString(Quiz.java:12) ~[main/:na]
	at java.base/java.lang.String.valueOf(String.java:4216) ~[na:na]
	at java.base/java.lang.StringBuilder.append(StringBuilder.java:173) ~[na:na]
	at java.base/java.util.AbstractCollection.toString(AbstractCollection.java:457) ~[na:na]
	at org.hibernate.collection.internal.PersistentSet.toString(PersistentSet.java:328) ~[hibernate-core-5.6.14.Final.jar:5.6.14.Final]
	at java.base/java.lang.StringConcatHelper.stringOf(StringConcatHelper.java:453) ~[na:na]
	at com.docker.initial.modal.exam.Category.toString(Category.java:14) ~[main/:na]
	at java.base/java.lang.StringConcatHelper.stringOf(StringConcatHelper.java:453) ~[na:na]
	at com.docker.initial.modal.exam.Quiz.toString(Quiz.java:12) ~[main/:na]
	at java.base/java.lang.String.valueOf(String.java:4216) ~[na:na]
	at java.base/java.lang.StringBuilder.append(StringBuilder.java:173) ~[na:na]
	at java.base/java.util.AbstractCollection.toString(AbstractCollection.java:457) ~[na:na]
	at org.hibernate.collection.internal.PersistentSet.toString(PersistentSet.java:328) ~[hibernate-core-5.6.14.Final.jar:5.6.14.Final]
	at java.base/java.lang.StringConcatHelper.stringOf(StringConcatHelper.java:453) ~[na:na]
	at com.docker.initial.modal.exam.Category.toString(Category.java:14) ~[main/:na]
	at java.base/java.lang.StringConcatHelper.stringOf(StringConcatHelper.java:453) ~[na:na]
	at com.docker.initial.modal.exam.Quiz.toString(Quiz.java:12) ~[main/:na]
	at java.base/java.lang.String.valueOf(String.java:4216) ~[na:na]
	at java.base/java.lang.StringBuilder.append(StringBuilder.java:173) ~[na:na]
	at java.base/java.util.AbstractCollection.toString(AbstractCollection.java:457) ~[na:na]
	at org.hibernate.collection.internal.PersistentSet.toString(PersistentSet.java:328) ~[hibernate-core-5.6.14.Final.jar:5.6.14.Final]
	at java.base/java.lang.StringConcatHelper.stringOf(StringConcatHelper.java:453) ~[na:na]
	at com.docker.initial.modal.exam.Category.toString(Category.java:14) ~[main/:na]
	at java.base/java.lang.StringConcatHelper.stringOf(StringConcatHelper.java:453) ~[na:na]
	at com.docker.initial.modal.exam.Quiz.toString(Quiz.java:12) ~[main/:na]
	at java.base/java.lang.String.valueOf(String.java:4216) ~[na:na]
	at java.base/java.lang.StringBuilder.append(StringBuilder.java:173) ~[na:na]
	at java.base/java.util.AbstractCollection.toString(AbstractCollection.java:457) ~[na:na]
	at org.hibernate.collection.internal.PersistentSet.toString(PersistentSet.java:328) ~[hibernate-core-5.6.14.Final.jar:5.6.14.Final]
	at java.base/java.lang.StringConcatHelper.stringOf(StringConcatHelper.java:453) ~[na:na]
	at com.docker.initial.modal.exam.Category.toString(Category.java:14) ~[main/:na]
	at java.base/java.lang.StringConcatHelper.stringOf(StringConcatHelper.java:453) ~[na:na]
	at com.docker.initial.modal.exam.Quiz.toString(Quiz.java:12) ~[main/:na]
	at java.base/java.lang.String.valueOf(String.java:4216) ~[na:na]
	at java.base/java.lang.StringBuilder.append(StringBuilder.java:173) ~[na:na]
	at java.base/java.util.AbstractCollection.toString(AbstractCollection.java:457) ~[na:na]
	at org.hibernate.collection.internal.PersistentSet.toString(PersistentSet.java:328) ~[hibernate-core-5.6.14.Final.jar:5.6.14.Final]
	at java.base/java.lang.StringConcatHelper.stringOf(StringConcatHelper.java:453) ~[na:na]
	at com.docker.initial.modal.exam.Category.toString(Category.java:14) ~[main/:na]
	at java.base/java.lang.StringConcatHelper.stringOf(StringConcatHelper.java:453) ~[na:na]
	at com.docker.initial.modal.exam.Quiz.toString(Quiz.java:12) ~[main/:na]
	at java.base/java.lang.String.valueOf(String.java:4216) ~[na:na]
	at java.base/java.lang.StringBuilder.append(StringBuilder.java:173) ~[na:na]
	at java.base/java.util.AbstractCollection.toString(AbstractCollection.java:457) ~[na:na]
	at org.hibernate.collection.internal.PersistentSet.toString(PersistentSet.java:328) ~[hibernate-core-5.6.14.Final.jar:5.6.14.Final]
	at java.base/java.lang.StringConcatHelper.stringOf(StringConcatHelper.java:453) ~[na:na]
	at com.docker.initial.modal.exam.Category.toString(Category.java:14) ~[main/:na]
	at java.base/java.lang.StringConcatHelper.stringOf(StringConcatHelper.java:453) ~[na:na]
	at com.docker.initial.modal.exam.Quiz.toString(Quiz.java:12) ~[main/:na]
	at java.base/java.lang.String.valueOf(String.java:4216) ~[na:na]
	at java.base/java.lang.StringBuilder.append(StringBuilder.java:173) ~[na:na]
	at java.base/java.util.AbstractCollection.toString(AbstractCollection.java:457) ~[na:na]
	at org.hibernate.collection.internal.PersistentSet.toString(PersistentSet.java:328) ~[hibernate-core-5.6.14.Final.jar:5.6.14.Final]
	at java.base/java.lang.StringConcatHelper.stringOf(StringConcatHelper.java:453) ~[na:na]
	at com.docker.initial.modal.exam.Category.toString(Category.java:14) ~[main/:na]
	at java.base/java.lang.StringConcatHelper.stringOf(StringConcatHelper.java:453) ~[na:na]
	at com.docker.initial.modal.exam.Quiz.toString(Quiz.java:12) ~[main/:na]
	at java.base/java.lang.String.valueOf(String.java:4216) ~[na:na]
	at java.base/java.lang.StringBuilder.append(StringBuilder.java:173) ~[na:na]
	at java.base/java.util.AbstractCollection.toString(AbstractCollection.java:457) ~[na:na]
	at org.hibernate.collection.internal.PersistentSet.toString(PersistentSet.java:328) ~[hibernate-core-5.6.14.Final.jar:5.6.14.Final]
	at java.base/java.lang.StringConcatHelper.stringOf(StringConcatHelper.java:453) ~[na:na]
	at com.docker.initial.modal.exam.Category.toString(Category.java:14) ~[main/:na]
	at java.base/java.lang.StringConcatHelper.stringOf(StringConcatHelper.java:453) ~[na:na]
	at com.docker.initial.modal.exam.Quiz.toString(Quiz.java:12) ~[main/:na]
	at java.base/java.lang.String.valueOf(String.java:4216) ~[na:na]
	at java.base/java.lang.StringBuilder.append(StringBuilder.java:173) ~[na:na]
	at java.base/java.util.AbstractCollection.toString(AbstractCollection.java:457) ~[na:na]
	at org.hibernate.collection.internal.PersistentSet.toString(PersistentSet.java:328) ~[hibernate-core-5.6.14.Final.jar:5.6.14.Final]
	at java.base/java.lang.StringConcatHelper.stringOf(StringConcatHelper.java:453) ~[na:na]
	at com.docker.initial.modal.exam.Category.toString(Category.java:14) ~[main/:na]
	at java.base/java.lang.StringConcatHelper.stringOf(StringConcatHelper.java:453) ~[na:na]
	at com.docker.initial.modal.exam.Quiz.toString(Quiz.java:12) ~[main/:na]
	at java.base/java.lang.String.valueOf(String.java:4216) ~[na:na]
	at java.base/java.lang.StringBuilder.append(StringBuilder.java:173) ~[na:na]
	at java.base/java.util.AbstractCollection.toString(AbstractCollection.java:457) ~[na:na]
	at org.hibernate.collection.internal.PersistentSet.toString(PersistentSet.java:328) ~[hibernate-core-5.6.14.Final.jar:5.6.14.Final]
	at java.base/java.lang.StringConcatHelper.stringOf(StringConcatHelper.java:453) ~[na:na]
	at com.docker.initial.modal.exam.Category.toString(Category.java:14) ~[main/:na]
	at java.base/java.lang.StringConcatHelper.stringOf(StringConcatHelper.java:453) ~[na:na]
	at com.docker.initial.modal.exam.Quiz.toString(Quiz.java:12) ~[main/:na]
	at java.base/java.lang.String.valueOf(String.java:4216) ~[na:na]
	at java.base/java.lang.StringBuilder.append(StringBuilder.java:173) ~[na:na]
	at java.base/java.util.AbstractCollection.toString(AbstractCollection.java:457) ~[na:na]
	at org.hibernate.collection.internal.PersistentSet.toString(PersistentSet.java:328) ~[hibernate-core-5.6.14.Final.jar:5.6.14.Final]
	at java.base/java.lang.StringConcatHelper.stringOf(StringConcatHelper.java:453) ~[na:na]
	at com.docker.initial.modal.exam.Category.toString(Category.java:14) ~[main/:na]
	at java.base/java.lang.StringConcatHelper.stringOf(StringConcatHelper.java:453) ~[na:na]
	at com.docker.initial.modal.exam.Quiz.toString(Quiz.java:12) ~[main/:na]
	at java.base/java.lang.String.valueOf(String.java:4216) ~[na:na]
	at java.base/java.lang.StringBuilder.append(StringBuilder.java:173) ~[na:na]
	at java.base/java.util.AbstractCollection.toString(AbstractCollection.java:457) ~[na:na]
	at org.hibernate.collection.internal.PersistentSet.toString(PersistentSet.java:328) ~[hibernate-core-5.6.14.Final.jar:5.6.14.Final]
	at java.base/java.lang.StringConcatHelper.stringOf(StringConcatHelper.java:453) ~[na:na]
	at com.docker.initial.modal.exam.Category.toString(Category.java:14) ~[main/:na]
	at java.base/java.lang.StringConcatHelper.stringOf(StringConcatHelper.java:453) ~[na:na]
	at com.docker.initial.modal.exam.Quiz.toString(Quiz.java:12) ~[main/:na]
	at java.base/java.lang.String.valueOf(String.java:4216) ~[na:na]
	at java.base/java.lang.StringBuilder.append(StringBuilder.java:173) ~[na:na]
	at java.base/java.util.AbstractCollection.toString(AbstractCollection.java:457) ~[na:na]
	at org.hibernate.collection.internal.PersistentSet.toString(PersistentSet.java:328) ~[hibernate-core-5.6.14.Final.jar:5.6.14.Final]
	at java.base/java.lang.StringConcatHelper.stringOf(StringConcatHelper.java:453) ~[na:na]
	at com.docker.initial.modal.exam.Category.toString(Category.java:14) ~[main/:na]
	at java.base/java.lang.StringConcatHelper.stringOf(StringConcatHelper.java:453) ~[na:na]
	at com.docker.initial.modal.exam.Quiz.toString(Quiz.java:12) ~[main/:na]
	at java.base/java.lang.String.valueOf(String.java:4216) ~[na:na]
	at java.base/java.lang.StringBuilder.append(StringBuilder.java:173) ~[na:na]
	at java.base/java.util.AbstractCollection.toString(AbstractCollection.java:457) ~[na:na]
	at org.hibernate.collection.internal.PersistentSet.toString(PersistentSet.java:328) ~[hibernate-core-5.6.14.Final.jar:5.6.14.Final]
	at java.base/java.lang.StringConcatHelper.stringOf(StringConcatHelper.java:453) ~[na:na]
	at com.docker.initial.modal.exam.Category.toString(Category.java:14) ~[main/:na]
	at java.base/java.lang.StringConcatHelper.stringOf(StringConcatHelper.java:453) ~[na:na]
	at com.docker.initial.modal.exam.Quiz.toString(Quiz.java:12) ~[main/:na]
	at java.base/java.lang.String.valueOf(String.java:4216) ~[na:na]
	at java.base/java.lang.StringBuilder.append(StringBuilder.java:173) ~[na:na]
	at java.base/java.util.AbstractCollection.toString(AbstractCollection.java:457) ~[na:na]
	at org.hibernate.collection.internal.PersistentSet.toString(PersistentSet.java:328) ~[hibernate-core-5.6.14.Final.jar:5.6.14.Final]
	at java.base/java.lang.StringConcatHelper.stringOf(StringConcatHelper.java:453) ~[na:na]
	at com.docker.initial.modal.exam.Category.toString(Category.java:14) ~[main/:na]
	at java.base/java.lang.StringConcatHelper.stringOf(StringConcatHelper.java:453) ~[na:na]
	at com.docker.initial.modal.exam.Quiz.toString(Quiz.java:12) ~[main/:na]
	at java.base/java.lang.String.valueOf(String.java:4216) ~[na:na]
	at java.base/java.lang.StringBuilder.append(StringBuilder.java:173) ~[na:na]
	at java.base/java.util.AbstractCollection.toString(AbstractCollection.java:457) ~[na:na]
	at org.hibernate.collection.internal.PersistentSet.toString(PersistentSet.java:328) ~[hibernate-core-5.6.14.Final.jar:5.6.14.Final]
	at java.base/java.lang.StringConcatHelper.stringOf(StringConcatHelper.java:453) ~[na:na]
	at com.docker.initial.modal.exam.Category.toString(Category.java:14) ~[main/:na]
	at java.base/java.lang.StringConcatHelper.stringOf(StringConcatHelper.java:453) ~[na:na]
	at com.docker.initial.modal.exam.Quiz.toString(Quiz.java:12) ~[main/:na]
	at java.base/java.lang.String.valueOf(String.java:4216) ~[na:na]
	at java.base/java.lang.StringBuilder.append(StringBuilder.java:173) ~[na:na]
	at java.base/java.util.AbstractCollection.toString(AbstractCollection.java:457) ~[na:na]
	at org.hibernate.collection.internal.PersistentSet.toString(PersistentSet.java:328) ~[hibernate-core-5.6.14.Final.jar:5.6.14.Final]
	at java.base/java.lang.StringConcatHelper.stringOf(StringConcatHelper.java:453) ~[na:na]
	at com.docker.initial.modal.exam.Category.toString(Category.java:14) ~[main/:na]
	at java.base/java.lang.StringConcatHelper.stringOf(StringConcatHelper.java:453) ~[na:na]
	at com.docker.initial.modal.exam.Quiz.toString(Quiz.java:12) ~[main/:na]
	at java.base/java.lang.String.valueOf(String.java:4216) ~[na:na]
	at java.base/java.lang.StringBuilder.append(StringBuilder.java:173) ~[na:na]
	at java.base/java.util.AbstractCollection.toString(AbstractCollection.java:457) ~[na:na]
	at org.hibernate.collection.internal.PersistentSet.toString(PersistentSet.java:328) ~[hibernate-core-5.6.14.Final.jar:5.6.14.Final]
	at java.base/java.lang.StringConcatHelper.stringOf(StringConcatHelper.java:453) ~[na:na]
	at com.docker.initial.modal.exam.Category.toString(Category.java:14) ~[main/:na]
	at java.base/java.lang.StringConcatHelper.stringOf(StringConcatHelper.java:453) ~[na:na]
	at com.docker.initial.modal.exam.Quiz.toString(Quiz.java:12) ~[main/:na]
	at java.base/java.lang.String.valueOf(String.java:4216) ~[na:na]
	at java.base/java.lang.StringBuilder.append(StringBuilder.java:173) ~[na:na]
	at java.base/java.util.AbstractCollection.toString(AbstractCollection.java:457) ~[na:na]
	at org.hibernate.collection.internal.PersistentSet.toString(PersistentSet.java:328) ~[hibernate-core-5.6.14.Final.jar:5.6.14.Final]
	at java.base/java.lang.StringConcatHelper.stringOf(StringConcatHelper.java:453) ~[na:na]
	at com.docker.initial.modal.exam.Category.toString(Category.java:14) ~[main/:na]
	at java.base/java.lang.StringConcatHelper.stringOf(StringConcatHelper.java:453) ~[na:na]
	at com.docker.initial.modal.exam.Quiz.toString(Quiz.java:12) ~[main/:na]
	at java.base/java.lang.String.valueOf(String.java:4216) ~[na:na]
	at java.base/java.lang.StringBuilder.append(StringBuilder.java:173) ~[na:na]
	at java.base/java.util.AbstractCollection.toString(AbstractCollection.java:457) ~[na:na]
	at org.hibernate.collection.internal.PersistentSet.toString(PersistentSet.java:328) ~[hibernate-core-5.6.14.Final.jar:5.6.14.Final]
	at java.base/java.lang.StringConcatHelper.stringOf(StringConcatHelper.java:453) ~[na:na]
	at com.docker.initial.modal.exam.Category.toString(Category.java:14) ~[main/:na]
	at java.base/java.lang.StringConcatHelper.stringOf(StringConcatHelper.java:453) ~[na:na]
	at com.docker.initial.modal.exam.Quiz.toString(Quiz.java:12) ~[main/:na]
	at java.base/java.lang.String.valueOf(String.java:4216) ~[na:na]
	at java.base/java.lang.StringBuilder.append(StringBuilder.java:173) ~[na:na]
	at java.base/java.util.AbstractCollection.toString(AbstractCollection.java:457) ~[na:na]
	at org.hibernate.collection.internal.PersistentSet.toString(PersistentSet.java:328) ~[hibernate-core-5.6.14.Final.jar:5.6.14.Final]
	at java.base/java.lang.StringConcatHelper.stringOf(StringConcatHelper.java:453) ~[na:na]
	at com.docker.initial.modal.exam.Category.toString(Category.java:14) ~[main/:na]
	at java.base/java.lang.StringConcatHelper.stringOf(StringConcatHelper.java:453) ~[na:na]
	at com.docker.initial.modal.exam.Quiz.toString(Quiz.java:12) ~[main/:na]
	at java.base/java.lang.String.valueOf(String.java:4216) ~[na:na]
	at java.base/java.lang.StringBuilder.append(StringBuilder.java:173) ~[na:na]
	at java.base/java.util.AbstractCollection.toString(AbstractCollection.java:457) ~[na:na]
	at org.hibernate.collection.internal.PersistentSet.toString(PersistentSet.java:328) ~[hibernate-core-5.6.14.Final.jar:5.6.14.Final]
	at java.base/java.lang.StringConcatHelper.stringOf(StringConcatHelper.java:453) ~[na:na]
	at com.docker.initial.modal.exam.Category.toString(Category.java:14) ~[main/:na]
	at java.base/java.lang.StringConcatHelper.stringOf(StringConcatHelper.java:453) ~[na:na]
	at com.docker.initial.modal.exam.Quiz.toString(Quiz.java:12) ~[main/:na]
	at java.base/java.lang.String.valueOf(String.java:4216) ~[na:na]
	at java.base/java.lang.StringBuilder.append(StringBuilder.java:173) ~[na:na]
	at java.base/java.util.AbstractCollection.toString(AbstractCollection.java:457) ~[na:na]
	at org.hibernate.collection.internal.PersistentSet.toString(PersistentSet.java:328) ~[hibernate-core-5.6.14.Final.jar:5.6.14.Final]
	at java.base/java.lang.StringConcatHelper.stringOf(StringConcatHelper.java:453) ~[na:na]
	at com.docker.initial.modal.exam.Category.toString(Category.java:14) ~[main/:na]
	at java.base/java.lang.StringConcatHelper.stringOf(StringConcatHelper.java:453) ~[na:na]
	at com.docker.initial.modal.exam.Quiz.toString(Quiz.java:12) ~[main/:na]
	at java.base/java.lang.String.valueOf(String.java:4216) ~[na:na]
	at java.base/java.lang.StringBuilder.append(StringBuilder.java:173) ~[na:na]
	at java.base/java.util.AbstractCollection.toString(AbstractCollection.java:457) ~[na:na]
	at org.hibernate.collection.internal.PersistentSet.toString(PersistentSet.java:328) ~[hibernate-core-5.6.14.Final.jar:5.6.14.Final]
	at java.base/java.lang.StringConcatHelper.stringOf(StringConcatHelper.java:453) ~[na:na]
	at com.docker.initial.modal.exam.Category.toString(Category.java:14) ~[main/:na]
	at java.base/java.lang.StringConcatHelper.stringOf(StringConcatHelper.java:453) ~[na:na]
	at com.docker.initial.modal.exam.Quiz.toString(Quiz.java:12) ~[main/:na]
	at java.base/java.lang.String.valueOf(String.java:4216) ~[na:na]
	at java.base/java.lang.StringBuilder.append(StringBuilder.java:173) ~[na:na]
	at java.base/java.util.AbstractCollection.toString(AbstractCollection.java:457) ~[na:na]
	at org.hibernate.collection.internal.PersistentSet.toString(PersistentSet.java:328) ~[hibernate-core-5.6.14.Final.jar:5.6.14.Final]
	at java.base/java.lang.StringConcatHelper.stringOf(StringConcatHelper.java:453) ~[na:na]
	at com.docker.initial.modal.exam.Category.toString(Category.java:14) ~[main/:na]
	at java.base/java.lang.StringConcatHelper.stringOf(StringConcatHelper.java:453) ~[na:na]
	at com.docker.initial.modal.exam.Quiz.toString(Quiz.java:12) ~[main/:na]
	at java.base/java.lang.String.valueOf(String.java:4216) ~[na:na]
	at java.base/java.lang.StringBuilder.append(StringBuilder.java:173) ~[na:na]
	at java.base/java.util.AbstractCollection.toString(AbstractCollection.java:457) ~[na:na]
	at org.hibernate.collection.internal.PersistentSet.toString(PersistentSet.java:328) ~[hibernate-core-5.6.14.Final.jar:5.6.14.Final]
	at java.base/java.lang.StringConcatHelper.stringOf(StringConcatHelper.java:453) ~[na:na]
	at com.docker.initial.modal.exam.Category.toString(Category.java:14) ~[main/:na]
	at java.base/java.lang.StringConcatHelper.stringOf(StringConcatHelper.java:453) ~[na:na]
	at com.docker.initial.modal.exam.Quiz.toString(Quiz.java:12) ~[main/:na]
	at java.base/java.lang.String.valueOf(String.java:4216) ~[na:na]
	at java.base/java.lang.StringBuilder.append(StringBuilder.java:173) ~[na:na]
	at java.base/java.util.AbstractCollection.toString(AbstractCollection.java:457) ~[na:na]
	at org.hibernate.collection.internal.PersistentSet.toString(PersistentSet.java:328) ~[hibernate-core-5.6.14.Final.jar:5.6.14.Final]
	at java.base/java.lang.StringConcatHelper.stringOf(StringConcatHelper.java:453) ~[na:na]
	at com.docker.initial.modal.exam.Category.toString(Category.java:14) ~[main/:na]
	at java.base/java.lang.StringConcatHelper.stringOf(StringConcatHelper.java:453) ~[na:na]
	at com.docker.initial.modal.exam.Quiz.toString(Quiz.java:12) ~[main/:na]
	at java.base/java.lang.String.valueOf(String.java:4216) ~[na:na]
	at java.base/java.lang.StringBuilder.append(StringBuilder.java:173) ~[na:na]
	at java.base/java.util.AbstractCollection.toString(AbstractCollection.java:457) ~[na:na]
	at org.hibernate.collection.internal.PersistentSet.toString(PersistentSet.java:328) ~[hibernate-core-5.6.14.Final.jar:5.6.14.Final]
	at java.base/java.lang.StringConcatHelper.stringOf(StringConcatHelper.java:453) ~[na:na]
	at com.docker.initial.modal.exam.Category.toString(Category.java:14) ~[main/:na]
	at java.base/java.lang.StringConcatHelper.stringOf(StringConcatHelper.java:453) ~[na:na]
	at com.docker.initial.modal.exam.Quiz.toString(Quiz.java:12) ~[main/:na]
	at java.base/java.lang.String.valueOf(String.java:4216) ~[na:na]
	at java.base/java.lang.StringBuilder.append(StringBuilder.java:173) ~[na:na]
	at java.base/java.util.AbstractCollection.toString(AbstractCollection.java:457) ~[na:na]
	at org.hibernate.collection.internal.PersistentSet.toString(PersistentSet.java:328) ~[hibernate-core-5.6.14.Final.jar:5.6.14.Final]
	at java.base/java.lang.StringConcatHelper.stringOf(StringConcatHelper.java:453) ~[na:na]
	at com.docker.initial.modal.exam.Category.toString(Category.java:14) ~[main/:na]
	at java.base/java.lang.StringConcatHelper.stringOf(StringConcatHelper.java:453) ~[na:na]
	at com.docker.initial.modal.exam.Quiz.toString(Quiz.java:12) ~[main/:na]
	at java.base/java.lang.String.valueOf(String.java:4216) ~[na:na]
	at java.base/java.lang.StringBuilder.append(StringBuilder.java:173) ~[na:na]
	at java.base/java.util.AbstractCollection.toString(AbstractCollection.java:457) ~[na:na]
	at org.hibernate.collection.internal.PersistentSet.toString(PersistentSet.java:328) ~[hibernate-core-5.6.14.Final.jar:5.6.14.Final]
	at java.base/java.lang.StringConcatHelper.stringOf(StringConcatHelper.java:453) ~[na:na]
	at com.docker.initial.modal.exam.Category.toString(Category.java:14) ~[main/:na]
	at java.base/java.lang.StringConcatHelper.stringOf(StringConcatHelper.java:453) ~[na:na]
	at com.docker.initial.modal.exam.Quiz.toString(Quiz.java:12) ~[main/:na]
	at java.base/java.lang.String.valueOf(String.java:4216) ~[na:na]
	at java.base/java.lang.StringBuilder.append(StringBuilder.java:173) ~[na:na]
	at java.base/java.util.AbstractCollection.toString(AbstractCollection.java:457) ~[na:na]
	at org.hibernate.collection.internal.PersistentSet.toString(PersistentSet.java:328) ~[hibernate-core-5.6.14.Final.jar:5.6.14.Final]
	at java.base/java.lang.StringConcatHelper.stringOf(StringConcatHelper.java:453) ~[na:na]
	at com.docker.initial.modal.exam.Category.toString(Category.java:14) ~[main/:na]
	at java.base/java.lang.StringConcatHelper.stringOf(StringConcatHelper.java:453) ~[na:na]
	at com.docker.initial.modal.exam.Quiz.toString(Quiz.java:12) ~[main/:na]
	at java.base/java.lang.String.valueOf(String.java:4216) ~[na:na]
	at java.base/java.lang.StringBuilder.append(StringBuilder.java:173) ~[na:na]
	at java.base/java.util.AbstractCollection.toString(AbstractCollection.java:457) ~[na:na]
	at org.hibernate.collection.internal.PersistentSet.toString(PersistentSet.java:328) ~[hibernate-core-5.6.14.Final.jar:5.6.14.Final]
	at java.base/java.lang.StringConcatHelper.stringOf(StringConcatHelper.java:453) ~[na:na]
	at com.docker.initial.modal.exam.Category.toString(Category.java:14) ~[main/:na]
	at java.base/java.lang.StringConcatHelper.stringOf(StringConcatHelper.java:453) ~[na:na]
	at com.docker.initial.modal.exam.Quiz.toString(Quiz.java:12) ~[main/:na]
	at java.base/java.lang.String.valueOf(String.java:4216) ~[na:na]
	at java.base/java.lang.StringBuilder.append(StringBuilder.java:173) ~[na:na]
	at java.base/java.util.AbstractCollection.toString(AbstractCollection.java:457) ~[na:na]
	at org.hibernate.collection.internal.PersistentSet.toString(PersistentSet.java:328) ~[hibernate-core-5.6.14.Final.jar:5.6.14.Final]
	at java.base/java.lang.StringConcatHelper.stringOf(StringConcatHelper.java:453) ~[na:na]
	at com.docker.initial.modal.exam.Category.toString(Category.java:14) ~[main/:na]
	at java.base/java.lang.StringConcatHelper.stringOf(StringConcatHelper.java:453) ~[na:na]
	at com.docker.initial.modal.exam.Quiz.toString(Quiz.java:12) ~[main/:na]
	at java.base/java.lang.String.valueOf(String.java:4216) ~[na:na]
	at java.base/java.lang.StringBuilder.append(StringBuilder.java:173) ~[na:na]
	at java.base/java.util.AbstractCollection.toString(AbstractCollection.java:457) ~[na:na]
	at org.hibernate.collection.internal.PersistentSet.toString(PersistentSet.java:328) ~[hibernate-core-5.6.14.Final.jar:5.6.14.Final]
	at java.base/java.lang.StringConcatHelper.stringOf(StringConcatHelper.java:453) ~[na:na]
	at com.docker.initial.modal.exam.Category.toString(Category.java:14) ~[main/:na]
	at java.base/java.lang.StringConcatHelper.stringOf(StringConcatHelper.java:453) ~[na:na]
	at com.docker.initial.modal.exam.Quiz.toString(Quiz.java:12) ~[main/:na]
	at java.base/java.lang.String.valueOf(String.java:4216) ~[na:na]
	at java.base/java.lang.StringBuilder.append(StringBuilder.java:173) ~[na:na]
	at java.base/java.util.AbstractCollection.toString(AbstractCollection.java:457) ~[na:na]
	at org.hibernate.collection.internal.PersistentSet.toString(PersistentSet.java:328) ~[hibernate-core-5.6.14.Final.jar:5.6.14.Final]
	at java.base/java.lang.StringConcatHelper.stringOf(StringConcatHelper.java:453) ~[na:na]
	at com.docker.initial.modal.exam.Category.toString(Category.java:14) ~[main/:na]
	at java.base/java.lang.StringConcatHelper.stringOf(StringConcatHelper.java:453) ~[na:na]
	at com.docker.initial.modal.exam.Quiz.toString(Quiz.java:12) ~[main/:na]
	at java.base/java.lang.String.valueOf(String.java:4216) ~[na:na]
	at java.base/java.lang.StringBuilder.append(StringBuilder.java:173) ~[na:na]
	at java.base/java.util.AbstractCollection.toString(AbstractCollection.java:457) ~[na:na]
	at org.hibernate.collection.internal.PersistentSet.toString(PersistentSet.java:328) ~[hibernate-core-5.6.14.Final.jar:5.6.14.Final]
	at java.base/java.lang.StringConcatHelper.stringOf(StringConcatHelper.java:453) ~[na:na]
	at com.docker.initial.modal.exam.Category.toString(Category.java:14) ~[main/:na]
	at java.base/java.lang.StringConcatHelper.stringOf(StringConcatHelper.java:453) ~[na:na]
	at com.docker.initial.modal.exam.Quiz.toString(Quiz.java:12) ~[main/:na]
	at java.base/java.lang.String.valueOf(String.java:4216) ~[na:na]
	at java.base/java.lang.StringBuilder.append(StringBuilder.java:173) ~[na:na]
	at java.base/java.util.AbstractCollection.toString(AbstractCollection.java:457) ~[na:na]
	at org.hibernate.collection.internal.PersistentSet.toString(PersistentSet.java:328) ~[hibernate-core-5.6.14.Final.jar:5.6.14.Final]
	at java.base/java.lang.StringConcatHelper.stringOf(StringConcatHelper.java:453) ~[na:na]
	at com.docker.initial.modal.exam.Category.toString(Category.java:14) ~[main/:na]
	at java.base/java.lang.StringConcatHelper.stringOf(StringConcatHelper.java:453) ~[na:na]
	at com.docker.initial.modal.exam.Quiz.toString(Quiz.java:12) ~[main/:na]
	at java.base/java.lang.String.valueOf(String.java:4216) ~[na:na]
	at java.base/java.lang.StringBuilder.append(StringBuilder.java:173) ~[na:na]
	at java.base/java.util.AbstractCollection.toString(AbstractCollection.java:457) ~[na:na]
	at org.hibernate.collection.internal.PersistentSet.toString(PersistentSet.java:328) ~[hibernate-core-5.6.14.Final.jar:5.6.14.Final]
	at java.base/java.lang.StringConcatHelper.stringOf(StringConcatHelper.java:453) ~[na:na]
	at com.docker.initial.modal.exam.Category.toString(Category.java:14) ~[main/:na]
	at java.base/java.lang.StringConcatHelper.stringOf(StringConcatHelper.java:453) ~[na:na]
	at com.docker.initial.modal.exam.Quiz.toString(Quiz.java:12) ~[main/:na]
	at java.base/java.lang.String.valueOf(String.java:4216) ~[na:na]
	at java.base/java.lang.StringBuilder.append(StringBuilder.java:173) ~[na:na]
	at java.base/java.util.AbstractCollection.toString(AbstractCollection.java:457) ~[na:na]
	at org.hibernate.collection.internal.PersistentSet.toString(PersistentSet.java:328) ~[hibernate-core-5.6.14.Final.jar:5.6.14.Final]
	at java.base/java.lang.StringConcatHelper.stringOf(StringConcatHelper.java:453) ~[na:na]
	at com.docker.initial.modal.exam.Category.toString(Category.java:14) ~[main/:na]
	at java.base/java.lang.StringConcatHelper.stringOf(StringConcatHelper.java:453) ~[na:na]
	at com.docker.initial.modal.exam.Quiz.toString(Quiz.java:12) ~[main/:na]
	at java.base/java.lang.String.valueOf(String.java:4216) ~[na:na]
	at java.base/java.lang.StringBuilder.append(StringBuilder.java:173) ~[na:na]
	at java.base/java.util.AbstractCollection.toString(AbstractCollection.java:457) ~[na:na]
	at org.hibernate.collection.internal.PersistentSet.toString(PersistentSet.java:328) ~[hibernate-core-5.6.14.Final.jar:5.6.14.Final]
	at java.base/java.lang.StringConcatHelper.stringOf(StringConcatHelper.java:453) ~[na:na]
	at com.docker.initial.modal.exam.Category.toString(Category.java:14) ~[main/:na]
	at java.base/java.lang.StringConcatHelper.stringOf(StringConcatHelper.java:453) ~[na:na]
	at com.docker.initial.modal.exam.Quiz.toString(Quiz.java:12) ~[main/:na]
	at java.base/java.lang.String.valueOf(String.java:4216) ~[na:na]
	at java.base/java.lang.StringBuilder.append(StringBuilder.java:173) ~[na:na]
	at java.base/java.util.AbstractCollection.toString(AbstractCollection.java:457) ~[na:na]
	at org.hibernate.collection.internal.PersistentSet.toString(PersistentSet.java:328) ~[hibernate-core-5.6.14.Final.jar:5.6.14.Final]
	at java.base/java.lang.StringConcatHelper.stringOf(StringConcatHelper.java:453) ~[na:na]
	at com.docker.initial.modal.exam.Category.toString(Category.java:14) ~[main/:na]
	at java.base/java.lang.StringConcatHelper.stringOf(StringConcatHelper.java:453) ~[na:na]
	at com.docker.initial.modal.exam.Quiz.toString(Quiz.java:12) ~[main/:na]
	at java.base/java.lang.String.valueOf(String.java:4216) ~[na:na]
	at java.base/java.lang.StringBuilder.append(StringBuilder.java:173) ~[na:na]
	at java.base/java.util.AbstractCollection.toString(AbstractCollection.java:457) ~[na:na]
	at org.hibernate.collection.internal.PersistentSet.toString(PersistentSet.java:328) ~[hibernate-core-5.6.14.Final.jar:5.6.14.Final]
	at java.base/java.lang.StringConcatHelper.stringOf(StringConcatHelper.java:453) ~[na:na]
	at com.docker.initial.modal.exam.Category.toString(Category.java:14) ~[main/:na]
	at java.base/java.lang.StringConcatHelper.stringOf(StringConcatHelper.java:453) ~[na:na]
	at com.docker.initial.modal.exam.Quiz.toString(Quiz.java:12) ~[main/:na]
	at java.base/java.lang.String.valueOf(String.java:4216) ~[na:na]
	at java.base/java.lang.StringBuilder.append(StringBuilder.java:173) ~[na:na]
	at java.base/java.util.AbstractCollection.toString(AbstractCollection.java:457) ~[na:na]
	at org.hibernate.collection.internal.PersistentSet.toString(PersistentSet.java:328) ~[hibernate-core-5.6.14.Final.jar:5.6.14.Final]
	at java.base/java.lang.StringConcatHelper.stringOf(StringConcatHelper.java:453) ~[na:na]
	at com.docker.initial.modal.exam.Category.toString(Category.java:14) ~[main/:na]
	at java.base/java.lang.StringConcatHelper.stringOf(StringConcatHelper.java:453) ~[na:na]
	at com.docker.initial.modal.exam.Quiz.toString(Quiz.java:12) ~[main/:na]
	at java.base/java.lang.String.valueOf(String.java:4216) ~[na:na]
	at java.base/java.lang.StringBuilder.append(StringBuilder.java:173) ~[na:na]
	at java.base/java.util.AbstractCollection.toString(AbstractCollection.java:457) ~[na:na]
	at org.hibernate.collection.internal.PersistentSet.toString(PersistentSet.java:328) ~[hibernate-core-5.6.14.Final.jar:5.6.14.Final]
	at java.base/java.lang.StringConcatHelper.stringOf(StringConcatHelper.java:453) ~[na:na]
	at com.docker.initial.modal.exam.Category.toString(Category.java:14) ~[main/:na]
	at java.base/java.lang.StringConcatHelper.stringOf(StringConcatHelper.java:453) ~[na:na]
	at com.docker.initial.modal.exam.Quiz.toString(Quiz.java:12) ~[main/:na]
	at java.base/java.lang.String.valueOf(String.java:4216) ~[na:na]
	at java.base/java.lang.StringBuilder.append(StringBuilder.java:173) ~[na:na]
	at java.base/java.util.AbstractCollection.toString(AbstractCollection.java:457) ~[na:na]
	at org.hibernate.collection.internal.PersistentSet.toString(PersistentSet.java:328) ~[hibernate-core-5.6.14.Final.jar:5.6.14.Final]
	at java.base/java.lang.StringConcatHelper.stringOf(StringConcatHelper.java:453) ~[na:na]
	at com.docker.initial.modal.exam.Category.toString(Category.java:14) ~[main/:na]
	at java.base/java.lang.StringConcatHelper.stringOf(StringConcatHelper.java:453) ~[na:na]
	at com.docker.initial.modal.exam.Quiz.toString(Quiz.java:12) ~[main/:na]
	at java.base/java.lang.String.valueOf(String.java:4216) ~[na:na]
	at java.base/java.lang.StringBuilder.append(StringBuilder.java:173) ~[na:na]
	at java.base/java.util.AbstractCollection.toString(AbstractCollection.java:457) ~[na:na]
	at org.hibernate.collection.internal.PersistentSet.toString(PersistentSet.java:328) ~[hibernate-core-5.6.14.Final.jar:5.6.14.Final]
	at java.base/java.lang.StringConcatHelper.stringOf(StringConcatHelper.java:453) ~[na:na]
	at com.docker.initial.modal.exam.Category.toString(Category.java:14) ~[main/:na]
	at java.base/java.lang.StringConcatHelper.stringOf(StringConcatHelper.java:453) ~[na:na]
	at com.docker.initial.modal.exam.Quiz.toString(Quiz.java:12) ~[main/:na]
	at java.base/java.lang.String.valueOf(String.java:4216) ~[na:na]
	at java.base/java.lang.StringBuilder.append(StringBuilder.java:173) ~[na:na]
	at java.base/java.util.AbstractCollection.toString(AbstractCollection.java:457) ~[na:na]
	at org.hibernate.collection.internal.PersistentSet.toString(PersistentSet.java:328) ~[hibernate-core-5.6.14.Final.jar:5.6.14.Final]
	at java.base/java.lang.StringConcatHelper.stringOf(StringConcatHelper.java:453) ~[na:na]
	at com.docker.initial.modal.exam.Category.toString(Category.java:14) ~[main/:na]
	at java.base/java.lang.StringConcatHelper.stringOf(StringConcatHelper.java:453) ~[na:na]
	at com.docker.initial.modal.exam.Quiz.toString(Quiz.java:12) ~[main/:na]
	at java.base/java.lang.String.valueOf(String.java:4216) ~[na:na]
	at java.base/java.lang.StringBuilder.append(StringBuilder.java:173) ~[na:na]
	at java.base/java.util.AbstractCollection.toString(AbstractCollection.java:457) ~[na:na]
	at org.hibernate.collection.internal.PersistentSet.toString(PersistentSet.java:328) ~[hibernate-core-5.6.14.Final.jar:5.6.14.Final]
	at java.base/java.lang.StringConcatHelper.stringOf(StringConcatHelper.java:453) ~[na:na]
	at com.docker.initial.modal.exam.Category.toString(Category.java:14) ~[main/:na]
	at java.base/java.lang.StringConcatHelper.stringOf(StringConcatHelper.java:453) ~[na:na]
	at com.docker.initial.modal.exam.Quiz.toString(Quiz.java:12) ~[main/:na]
	at java.base/java.lang.String.valueOf(String.java:4216) ~[na:na]
	at java.base/java.lang.StringBuilder.append(StringBuilder.java:173) ~[na:na]
	at java.base/java.util.AbstractCollection.toString(AbstractCollection.java:457) ~[na:na]
	at org.hibernate.collection.internal.PersistentSet.toString(PersistentSet.java:328) ~[hibernate-core-5.6.14.Final.jar:5.6.14.Final]
	at java.base/java.lang.StringConcatHelper.stringOf(StringConcatHelper.java:453) ~[na:na]
	at com.docker.initial.modal.exam.Category.toString(Category.java:14) ~[main/:na]
	at java.base/java.lang.StringConcatHelper.stringOf(StringConcatHelper.java:453) ~[na:na]
	at com.docker.initial.modal.exam.Quiz.toString(Quiz.java:12) ~[main/:na]
	at java.base/java.lang.String.valueOf(String.java:4216) ~[na:na]
	at java.base/java.lang.StringBuilder.append(StringBuilder.java:173) ~[na:na]
	at java.base/java.util.AbstractCollection.toString(AbstractCollection.java:457) ~[na:na]
	at org.hibernate.collection.internal.PersistentSet.toString(PersistentSet.java:328) ~[hibernate-core-5.6.14.Final.jar:5.6.14.Final]
	at java.base/java.lang.StringConcatHelper.stringOf(StringConcatHelper.java:453) ~[na:na]
	at com.docker.initial.modal.exam.Category.toString(Category.java:14) ~[main/:na]
	at java.base/java.lang.StringConcatHelper.stringOf(StringConcatHelper.java:453) ~[na:na]
	at com.docker.initial.modal.exam.Quiz.toString(Quiz.java:12) ~[main/:na]
	at java.base/java.lang.String.valueOf(String.java:4216) ~[na:na]
	at java.base/java.lang.StringBuilder.append(StringBuilder.java:173) ~[na:na]
	at java.base/java.util.AbstractCollection.toString(AbstractCollection.java:457) ~[na:na]
	at org.hibernate.collection.internal.PersistentSet.toString(PersistentSet.java:328) ~[hibernate-core-5.6.14.Final.jar:5.6.14.Final]
	at java.base/java.lang.StringConcatHelper.stringOf(StringConcatHelper.java:453) ~[na:na]
	at com.docker.initial.modal.exam.Category.toString(Category.java:14) ~[main/:na]
	at java.base/java.lang.StringConcatHelper.stringOf(StringConcatHelper.java:453) ~[na:na]
	at com.docker.initial.modal.exam.Quiz.toString(Quiz.java:12) ~[main/:na]
	at java.base/java.lang.String.valueOf(String.java:4216) ~[na:na]
	at java.base/java.lang.StringBuilder.append(StringBuilder.java:173) ~[na:na]
	at java.base/java.util.AbstractCollection.toString(AbstractCollection.java:457) ~[na:na]
	at org.hibernate.collection.internal.PersistentSet.toString(PersistentSet.java:328) ~[hibernate-core-5.6.14.Final.jar:5.6.14.Final]
	at java.base/java.lang.StringConcatHelper.stringOf(StringConcatHelper.java:453) ~[na:na]
	at com.docker.initial.modal.exam.Category.toString(Category.java:14) ~[main/:na]
	at java.base/java.lang.StringConcatHelper.stringOf(StringConcatHelper.java:453) ~[na:na]
	at com.docker.initial.modal.exam.Quiz.toString(Quiz.java:12) ~[main/:na]
	at java.base/java.lang.String.valueOf(String.java:4216) ~[na:na]
	at java.base/java.lang.StringBuilder.append(StringBuilder.java:173) ~[na:na]
	at java.base/java.util.AbstractCollection.toString(AbstractCollection.java:457) ~[na:na]
	at org.hibernate.collection.internal.PersistentSet.toString(PersistentSet.java:328) ~[hibernate-core-5.6.14.Final.jar:5.6.14.Final]
	at java.base/java.lang.StringConcatHelper.stringOf(StringConcatHelper.java:453) ~[na:na]
	at com.docker.initial.modal.exam.Category.toString(Category.java:14) ~[main/:na]
	at java.base/java.lang.StringConcatHelper.stringOf(StringConcatHelper.java:453) ~[na:na]
	at com.docker.initial.modal.exam.Quiz.toString(Quiz.java:12) ~[main/:na]
	at java.base/java.lang.String.valueOf(String.java:4216) ~[na:na]
	at java.base/java.lang.StringBuilder.append(StringBuilder.java:173) ~[na:na]
	at java.base/java.util.AbstractCollection.toString(AbstractCollection.java:457) ~[na:na]
	at org.hibernate.collection.internal.PersistentSet.toString(PersistentSet.java:328) ~[hibernate-core-5.6.14.Final.jar:5.6.14.Final]
	at java.base/java.lang.StringConcatHelper.stringOf(StringConcatHelper.java:453) ~[na:na]
	at com.docker.initial.modal.exam.Category.toString(Category.java:14) ~[main/:na]
	at java.base/java.lang.StringConcatHelper.stringOf(StringConcatHelper.java:453) ~[na:na]
	at com.docker.initial.modal.exam.Quiz.toString(Quiz.java:12) ~[main/:na]
	at java.base/java.lang.String.valueOf(String.java:4216) ~[na:na]
	at java.base/java.lang.StringBuilder.append(StringBuilder.java:173) ~[na:na]
	at java.base/java.util.AbstractCollection.toString(AbstractCollection.java:457) ~[na:na]
	at org.hibernate.collection.internal.PersistentSet.toString(PersistentSet.java:328) ~[hibernate-core-5.6.14.Final.jar:5.6.14.Final]
	at java.base/java.lang.StringConcatHelper.stringOf(StringConcatHelper.java:453) ~[na:na]
	at com.docker.initial.modal.exam.Category.toString(Category.java:14) ~[main/:na]
	at java.base/java.lang.StringConcatHelper.stringOf(StringConcatHelper.java:453) ~[na:na]
	at com.docker.initial.modal.exam.Quiz.toString(Quiz.java:12) ~[main/:na]
	at java.base/java.lang.String.valueOf(String.java:4216) ~[na:na]
	at java.base/java.lang.StringBuilder.append(StringBuilder.java:173) ~[na:na]
	at java.base/java.util.AbstractCollection.toString(AbstractCollection.java:457) ~[na:na]
	at org.hibernate.collection.internal.PersistentSet.toString(PersistentSet.java:328) ~[hibernate-core-5.6.14.Final.jar:5.6.14.Final]
	at java.base/java.lang.StringConcatHelper.stringOf(StringConcatHelper.java:453) ~[na:na]
	at com.docker.initial.modal.exam.Category.toString(Category.java:14) ~[main/:na]
	at java.base/java.lang.StringConcatHelper.stringOf(StringConcatHelper.java:453) ~[na:na]
	at com.docker.initial.modal.exam.Quiz.toString(Quiz.java:12) ~[main/:na]
	at java.base/java.lang.String.valueOf(String.java:4216) ~[na:na]
	at java.base/java.lang.StringBuilder.append(StringBuilder.java:173) ~[na:na]
	at java.base/java.util.AbstractCollection.toString(AbstractCollection.java:457) ~[na:na]
	at org.hibernate.collection.internal.PersistentSet.toString(PersistentSet.java:328) ~[hibernate-core-5.6.14.Final.jar:5.6.14.Final]
	at java.base/java.lang.StringConcatHelper.stringOf(StringConcatHelper.java:453) ~[na:na]
	at com.docker.initial.modal.exam.Category.toString(Category.java:14) ~[main/:na]
	at java.base/java.lang.StringConcatHelper.stringOf(StringConcatHelper.java:453) ~[na:na]
	at com.docker.initial.modal.exam.Quiz.toString(Quiz.java:12) ~[main/:na]
	at java.base/java.lang.String.valueOf(String.java:4216) ~[na:na]
	at java.base/java.lang.StringBuilder.append(StringBuilder.java:173) ~[na:na]
	at java.base/java.util.AbstractCollection.toString(AbstractCollection.java:457) ~[na:na]
	at org.hibernate.collection.internal.PersistentSet.toString(PersistentSet.java:328) ~[hibernate-core-5.6.14.Final.jar:5.6.14.Final]
	at java.base/java.lang.StringConcatHelper.stringOf(StringConcatHelper.java:453) ~[na:na]
	at com.docker.initial.modal.exam.Category.toString(Category.java:14) ~[main/:na]
	at java.base/java.lang.StringConcatHelper.stringOf(StringConcatHelper.java:453) ~[na:na]
	at com.docker.initial.modal.exam.Quiz.toString(Quiz.java:12) ~[main/:na]
	at java.base/java.lang.String.valueOf(String.java:4216) ~[na:na]
	at java.base/java.lang.StringBuilder.append(StringBuilder.java:173) ~[na:na]
	at java.base/java.util.AbstractCollection.toString(AbstractCollection.java:457) ~[na:na]
	at org.hibernate.collection.internal.PersistentSet.toString(PersistentSet.java:328) ~[hibernate-core-5.6.14.Final.jar:5.6.14.Final]
	at java.base/java.lang.StringConcatHelper.stringOf(StringConcatHelper.java:453) ~[na:na]
	at com.docker.initial.modal.exam.Category.toString(Category.java:14) ~[main/:na]
	at java.base/java.lang.StringConcatHelper.stringOf(StringConcatHelper.java:453) ~[na:na]
	at com.docker.initial.modal.exam.Quiz.toString(Quiz.java:12) ~[main/:na]
	at java.base/java.lang.String.valueOf(String.java:4216) ~[na:na]
	at java.base/java.lang.StringBuilder.append(StringBuilder.java:173) ~[na:na]
	at java.base/java.util.AbstractCollection.toString(AbstractCollection.java:457) ~[na:na]
	at org.hibernate.collection.internal.PersistentSet.toString(PersistentSet.java:328) ~[hibernate-core-5.6.14.Final.jar:5.6.14.Final]
	at java.base/java.lang.StringConcatHelper.stringOf(StringConcatHelper.java:453) ~[na:na]
	at com.docker.initial.modal.exam.Category.toString(Category.java:14) ~[main/:na]
	at java.base/java.lang.StringConcatHelper.stringOf(StringConcatHelper.java:453) ~[na:na]
	at com.docker.initial.modal.exam.Quiz.toString(Quiz.java:12) ~[main/:na]
	at java.base/java.lang.String.valueOf(String.java:4216) ~[na:na]
	at java.base/java.lang.StringBuilder.append(StringBuilder.java:173) ~[na:na]
	at java.base/java.util.AbstractCollection.toString(AbstractCollection.java:457) ~[na:na]
	at org.hibernate.collection.internal.PersistentSet.toString(PersistentSet.java:328) ~[hibernate-core-5.6.14.Final.jar:5.6.14.Final]
	at java.base/java.lang.StringConcatHelper.stringOf(StringConcatHelper.java:453) ~[na:na]
	at com.docker.initial.modal.exam.Category.toString(Category.java:14) ~[main/:na]
	at java.base/java.lang.StringConcatHelper.stringOf(StringConcatHelper.java:453) ~[na:na]
	at com.docker.initial.modal.exam.Quiz.toString(Quiz.java:12) ~[main/:na]
	at java.base/java.lang.String.valueOf(String.java:4216) ~[na:na]
	at java.base/java.lang.StringBuilder.append(StringBuilder.java:173) ~[na:na]
	at java.base/java.util.AbstractCollection.toString(AbstractCollection.java:457) ~[na:na]
	at org.hibernate.collection.internal.PersistentSet.toString(PersistentSet.java:328) ~[hibernate-core-5.6.14.Final.jar:5.6.14.Final]
	at java.base/java.lang.StringConcatHelper.stringOf(StringConcatHelper.java:453) ~[na:na]
	at com.docker.initial.modal.exam.Category.toString(Category.java:14) ~[main/:na]
	at java.base/java.lang.StringConcatHelper.stringOf(StringConcatHelper.java:453) ~[na:na]
	at com.docker.initial.modal.exam.Quiz.toString(Quiz.java:12) ~[main/:na]
	at java.base/java.lang.String.valueOf(String.java:4216) ~[na:na]
	at java.base/java.lang.StringBuilder.append(StringBuilder.java:173) ~[na:na]
	at java.base/java.util.AbstractCollection.toString(AbstractCollection.java:457) ~[na:na]
	at org.hibernate.collection.internal.PersistentSet.toString(PersistentSet.java:328) ~[hibernate-core-5.6.14.Final.jar:5.6.14.Final]
	at java.base/java.lang.StringConcatHelper.stringOf(StringConcatHelper.java:453) ~[na:na]
	at com.docker.initial.modal.exam.Category.toString(Category.java:14) ~[main/:na]
	at java.base/java.lang.StringConcatHelper.stringOf(StringConcatHelper.java:453) ~[na:na]
	at com.docker.initial.modal.exam.Quiz.toString(Quiz.java:12) ~[main/:na]
	at java.base/java.lang.String.valueOf(String.java:4216) ~[na:na]
	at java.base/java.lang.StringBuilder.append(StringBuilder.java:173) ~[na:na]
	at java.base/java.util.AbstractCollection.toString(AbstractCollection.java:457) ~[na:na]
	at org.hibernate.collection.internal.PersistentSet.toString(PersistentSet.java:328) ~[hibernate-core-5.6.14.Final.jar:5.6.14.Final]
	at java.base/java.lang.StringConcatHelper.stringOf(StringConcatHelper.java:453) ~[na:na]
	at com.docker.initial.modal.exam.Category.toString(Category.java:14) ~[main/:na]
	at java.base/java.lang.StringConcatHelper.stringOf(StringConcatHelper.java:453) ~[na:na]
	at com.docker.initial.modal.exam.Quiz.toString(Quiz.java:12) ~[main/:na]
	at java.base/java.lang.String.valueOf(String.java:4216) ~[na:na]
	at java.base/java.lang.StringBuilder.append(StringBuilder.java:173) ~[na:na]
	at java.base/java.util.AbstractCollection.toString(AbstractCollection.java:457) ~[na:na]
	at org.hibernate.collection.internal.PersistentSet.toString(PersistentSet.java:328) ~[hibernate-core-5.6.14.Final.jar:5.6.14.Final]
	at java.base/java.lang.StringConcatHelper.stringOf(StringConcatHelper.java:453) ~[na:na]
	at com.docker.initial.modal.exam.Category.toString(Category.java:14) ~[main/:na]
	at java.base/java.lang.StringConcatHelper.stringOf(StringConcatHelper.java:453) ~[na:na]
	at com.docker.initial.modal.exam.Quiz.toString(Quiz.java:12) ~[main/:na]
	at java.base/java.lang.String.valueOf(String.java:4216) ~[na:na]
	at java.base/java.lang.StringBuilder.append(StringBuilder.java:173) ~[na:na]
	at java.base/java.util.AbstractCollection.toString(AbstractCollection.java:457) ~[na:na]
	at org.hibernate.collection.internal.PersistentSet.toString(PersistentSet.java:328) ~[hibernate-core-5.6.14.Final.jar:5.6.14.Final]
	at java.base/java.lang.StringConcatHelper.stringOf(StringConcatHelper.java:453) ~[na:na]
	at com.docker.initial.modal.exam.Category.toString(Category.java:14) ~[main/:na]
	at java.base/java.lang.StringConcatHelper.stringOf(StringConcatHelper.java:453) ~[na:na]
	at com.docker.initial.modal.exam.Quiz.toString(Quiz.java:12) ~[main/:na]
	at java.base/java.lang.String.valueOf(String.java:4216) ~[na:na]
	at java.base/java.lang.StringBuilder.append(StringBuilder.java:173) ~[na:na]
	at java.base/java.util.AbstractCollection.toString(AbstractCollection.java:457) ~[na:na]
	at org.hibernate.collection.internal.PersistentSet.toString(PersistentSet.java:328) ~[hibernate-core-5.6.14.Final.jar:5.6.14.Final]
	at java.base/java.lang.StringConcatHelper.stringOf(StringConcatHelper.java:453) ~[na:na]
	at com.docker.initial.modal.exam.Category.toString(Category.java:14) ~[main/:na]
	at java.base/java.lang.StringConcatHelper.stringOf(StringConcatHelper.java:453) ~[na:na]
	at com.docker.initial.modal.exam.Quiz.toString(Quiz.java:12) ~[main/:na]
	at java.base/java.lang.String.valueOf(String.java:4216) ~[na:na]
	at java.base/java.lang.StringBuilder.append(StringBuilder.java:173) ~[na:na]
	at java.base/java.util.AbstractCollection.toString(AbstractCollection.java:457) ~[na:na]
	at org.hibernate.collection.internal.PersistentSet.toString(PersistentSet.java:328) ~[hibernate-core-5.6.14.Final.jar:5.6.14.Final]
	at java.base/java.lang.StringConcatHelper.stringOf(StringConcatHelper.java:453) ~[na:na]
	at com.docker.initial.modal.exam.Category.toString(Category.java:14) ~[main/:na]
	at java.base/java.lang.StringConcatHelper.stringOf(StringConcatHelper.java:453) ~[na:na]
	at com.docker.initial.modal.exam.Quiz.toString(Quiz.java:12) ~[main/:na]
	at java.base/java.lang.String.valueOf(String.java:4216) ~[na:na]
	at java.base/java.lang.StringBuilder.append(StringBuilder.java:173) ~[na:na]
	at java.base/java.util.AbstractCollection.toString(AbstractCollection.java:457) ~[na:na]
	at org.hibernate.collection.internal.PersistentSet.toString(PersistentSet.java:328) ~[hibernate-core-5.6.14.Final.jar:5.6.14.Final]
	at java.base/java.lang.StringConcatHelper.stringOf(StringConcatHelper.java:453) ~[na:na]
	at com.docker.initial.modal.exam.Category.toString(Category.java:14) ~[main/:na]
	at java.base/java.lang.StringConcatHelper.stringOf(StringConcatHelper.java:453) ~[na:na]
	at com.docker.initial.modal.exam.Quiz.toString(Quiz.java:12) ~[main/:na]
	at java.base/java.lang.String.valueOf(String.java:4216) ~[na:na]
	at java.base/java.lang.StringBuilder.append(StringBuilder.java:173) ~[na:na]
	at java.base/java.util.AbstractCollection.toString(AbstractCollection.java:457) ~[na:na]
	at org.hibernate.collection.internal.PersistentSet.toString(PersistentSet.java:328) ~[hibernate-core-5.6.14.Final.jar:5.6.14.Final]
	at java.base/java.lang.StringConcatHelper.stringOf(StringConcatHelper.java:453) ~[na:na]
	at com.docker.initial.modal.exam.Category.toString(Category.java:14) ~[main/:na]
	at java.base/java.lang.StringConcatHelper.stringOf(StringConcatHelper.java:453) ~[na:na]
	at com.docker.initial.modal.exam.Quiz.toString(Quiz.java:12) ~[main/:na]
	at java.base/java.lang.String.valueOf(String.java:4216) ~[na:na]
	at java.base/java.lang.StringBuilder.append(StringBuilder.java:173) ~[na:na]
	at java.base/java.util.AbstractCollection.toString(AbstractCollection.java:457) ~[na:na]
	at org.hibernate.collection.internal.PersistentSet.toString(PersistentSet.java:328) ~[hibernate-core-5.6.14.Final.jar:5.6.14.Final]
	at java.base/java.lang.StringConcatHelper.stringOf(StringConcatHelper.java:453) ~[na:na]
	at com.docker.initial.modal.exam.Category.toString(Category.java:14) ~[main/:na]
	at java.base/java.lang.StringConcatHelper.stringOf(StringConcatHelper.java:453) ~[na:na]
	at com.docker.initial.modal.exam.Quiz.toString(Quiz.java:12) ~[main/:na]
	at java.base/java.lang.String.valueOf(String.java:4216) ~[na:na]
	at java.base/java.lang.StringBuilder.append(StringBuilder.java:173) ~[na:na]
	at java.base/java.util.AbstractCollection.toString(AbstractCollection.java:457) ~[na:na]
	at org.hibernate.collection.internal.PersistentSet.toString(PersistentSet.java:328) ~[hibernate-core-5.6.14.Final.jar:5.6.14.Final]
	at java.base/java.lang.StringConcatHelper.stringOf(StringConcatHelper.java:453) ~[na:na]
	at com.docker.initial.modal.exam.Category.toString(Category.java:14) ~[main/:na]
	at java.base/java.lang.StringConcatHelper.stringOf(StringConcatHelper.java:453) ~[na:na]
	at com.docker.initial.modal.exam.Quiz.toString(Quiz.java:12) ~[main/:na]
	at java.base/java.lang.String.valueOf(String.java:4216) ~[na:na]
	at java.base/java.lang.StringBuilder.append(StringBuilder.java:173) ~[na:na]
	at java.base/java.util.AbstractCollection.toString(AbstractCollection.java:457) ~[na:na]
	at org.hibernate.collection.internal.PersistentSet.toString(PersistentSet.java:328) ~[hibernate-core-5.6.14.Final.jar:5.6.14.Final]
	at java.base/java.lang.StringConcatHelper.stringOf(StringConcatHelper.java:453) ~[na:na]
	at com.docker.initial.modal.exam.Category.toString(Category.java:14) ~[main/:na]
	at java.base/java.lang.StringConcatHelper.stringOf(StringConcatHelper.java:453) ~[na:na]
	at com.docker.initial.modal.exam.Quiz.toString(Quiz.java:12) ~[main/:na]
	at java.base/java.lang.String.valueOf(String.java:4216) ~[na:na]
	at java.base/java.lang.StringBuilder.append(StringBuilder.java:173) ~[na:na]
	at java.base/java.util.AbstractCollection.toString(AbstractCollection.java:457) ~[na:na]
	at org.hibernate.collection.internal.PersistentSet.toString(PersistentSet.java:328) ~[hibernate-core-5.6.14.Final.jar:5.6.14.Final]
	at java.base/java.lang.StringConcatHelper.stringOf(StringConcatHelper.java:453) ~[na:na]
	at com.docker.initial.modal.exam.Category.toString(Category.java:14) ~[main/:na]
	at java.base/java.lang.StringConcatHelper.stringOf(StringConcatHelper.java:453) ~[na:na]
	at com.docker.initial.modal.exam.Quiz.toString(Quiz.java:12) ~[main/:na]
	at java.base/java.lang.String.valueOf(String.java:4216) ~[na:na]
	at java.base/java.lang.StringBuilder.append(StringBuilder.java:173) ~[na:na]
	at java.base/java.util.AbstractCollection.toString(AbstractCollection.java:457) ~[na:na]
	at org.hibernate.collection.internal.PersistentSet.toString(PersistentSet.java:328) ~[hibernate-core-5.6.14.Final.jar:5.6.14.Final]
	at java.base/java.lang.StringConcatHelper.stringOf(StringConcatHelper.java:453) ~[na:na]
	at com.docker.initial.modal.exam.Category.toString(Category.java:14) ~[main/:na]
	at java.base/java.lang.StringConcatHelper.stringOf(StringConcatHelper.java:453) ~[na:na]
	at com.docker.initial.modal.exam.Quiz.toString(Quiz.java:12) ~[main/:na]
	at java.base/java.lang.String.valueOf(String.java:4216) ~[na:na]
	at java.base/java.lang.StringBuilder.append(StringBuilder.java:173) ~[na:na]
	at java.base/java.util.AbstractCollection.toString(AbstractCollection.java:457) ~[na:na]
	at org.hibernate.collection.internal.PersistentSet.toString(PersistentSet.java:328) ~[hibernate-core-5.6.14.Final.jar:5.6.14.Final]
	at java.base/java.lang.StringConcatHelper.stringOf(StringConcatHelper.java:453) ~[na:na]
	at com.docker.initial.modal.exam.Category.toString(Category.java:14) ~[main/:na]
	at java.base/java.lang.StringConcatHelper.stringOf(StringConcatHelper.java:453) ~[na:na]
	at com.docker.initial.modal.exam.Quiz.toString(Quiz.java:12) ~[main/:na]
	at java.base/java.lang.String.valueOf(String.java:4216) ~[na:na]
	at java.base/java.lang.StringBuilder.append(StringBuilder.java:173) ~[na:na]
	at java.base/java.util.AbstractCollection.toString(AbstractCollection.java:457) ~[na:na]
	at org.hibernate.collection.internal.PersistentSet.toString(PersistentSet.java:328) ~[hibernate-core-5.6.14.Final.jar:5.6.14.Final]
	at java.base/java.lang.StringConcatHelper.stringOf(StringConcatHelper.java:453) ~[na:na]
	at com.docker.initial.modal.exam.Category.toString(Category.java:14) ~[main/:na]
	at java.base/java.lang.StringConcatHelper.stringOf(StringConcatHelper.java:453) ~[na:na]
	at com.docker.initial.modal.exam.Quiz.toString(Quiz.java:12) ~[main/:na]
	at java.base/java.lang.String.valueOf(String.java:4216) ~[na:na]
	at java.base/java.lang.StringBuilder.append(StringBuilder.java:173) ~[na:na]
	at java.base/java.util.AbstractCollection.toString(AbstractCollection.java:457) ~[na:na]
	at org.hibernate.collection.internal.PersistentSet.toString(PersistentSet.java:328) ~[hibernate-core-5.6.14.Final.jar:5.6.14.Final]
	at java.base/java.lang.StringConcatHelper.stringOf(StringConcatHelper.java:453) ~[na:na]
	at com.docker.initial.modal.exam.Category.toString(Category.java:14) ~[main/:na]
	at java.base/java.lang.StringConcatHelper.stringOf(StringConcatHelper.java:453) ~[na:na]
	at com.docker.initial.modal.exam.Quiz.toString(Quiz.java:12) ~[main/:na]
	at java.base/java.lang.String.valueOf(String.java:4216) ~[na:na]
	at java.base/java.lang.StringBuilder.append(StringBuilder.java:173) ~[na:na]
	at java.base/java.util.AbstractCollection.toString(AbstractCollection.java:457) ~[na:na]
	at org.hibernate.collection.internal.PersistentSet.toString(PersistentSet.java:328) ~[hibernate-core-5.6.14.Final.jar:5.6.14.Final]
	at java.base/java.lang.StringConcatHelper.stringOf(StringConcatHelper.java:453) ~[na:na]
	at com.docker.initial.modal.exam.Category.toString(Category.java:14) ~[main/:na]
	at java.base/java.lang.StringConcatHelper.stringOf(StringConcatHelper.java:453) ~[na:na]
	at com.docker.initial.modal.exam.Quiz.toString(Quiz.java:12) ~[main/:na]
	at java.base/java.lang.String.valueOf(String.java:4216) ~[na:na]
	at java.base/java.lang.StringBuilder.append(StringBuilder.java:173) ~[na:na]
	at java.base/java.util.AbstractCollection.toString(AbstractCollection.java:457) ~[na:na]
	at org.hibernate.collection.internal.PersistentSet.toString(PersistentSet.java:328) ~[hibernate-core-5.6.14.Final.jar:5.6.14.Final]
	at java.base/java.lang.StringConcatHelper.stringOf(StringConcatHelper.java:453) ~[na:na]
	at com.docker.initial.modal.exam.Category.toString(Category.java:14) ~[main/:na]
	at java.base/java.lang.StringConcatHelper.stringOf(StringConcatHelper.java:453) ~[na:na]
	at com.docker.initial.modal.exam.Quiz.toString(Quiz.java:12) ~[main/:na]
	at java.base/java.lang.String.valueOf(String.java:4216) ~[na:na]
	at java.base/java.lang.StringBuilder.append(StringBuilder.java:173) ~[na:na]
	at java.base/java.util.AbstractCollection.toString(AbstractCollection.java:457) ~[na:na]
	at org.hibernate.collection.internal.PersistentSet.toString(PersistentSet.java:328) ~[hibernate-core-5.6.14.Final.jar:5.6.14.Final]
	at java.base/java.lang.StringConcatHelper.stringOf(StringConcatHelper.java:453) ~[na:na]
	at com.docker.initial.modal.exam.Category.toString(Category.java:14) ~[main/:na]
	at java.base/java.lang.StringConcatHelper.stringOf(StringConcatHelper.java:453) ~[na:na]
	at com.docker.initial.modal.exam.Quiz.toString(Quiz.java:12) ~[main/:na]
	at java.base/java.lang.String.valueOf(String.java:4216) ~[na:na]
	at java.base/java.lang.StringBuilder.append(StringBuilder.java:173) ~[na:na]
	at java.base/java.util.AbstractCollection.toString(AbstractCollection.java:457) ~[na:na]
	at org.hibernate.collection.internal.PersistentSet.toString(PersistentSet.java:328) ~[hibernate-core-5.6.14.Final.jar:5.6.14.Final]
	at java.base/java.lang.StringConcatHelper.stringOf(StringConcatHelper.java:453) ~[na:na]
	at com.docker.initial.modal.exam.Category.toString(Category.java:14) ~[main/:na]
	at java.base/java.lang.StringConcatHelper.stringOf(StringConcatHelper.java:453) ~[na:na]
	at com.docker.initial.modal.exam.Quiz.toString(Quiz.java:12) ~[main/:na]
	at java.base/java.lang.String.valueOf(String.java:4216) ~[na:na]
	at java.base/java.lang.StringBuilder.append(StringBuilder.java:173) ~[na:na]
	at java.base/java.util.AbstractCollection.toString(AbstractCollection.java:457) ~[na:na]
	at org.hibernate.collection.internal.PersistentSet.toString(PersistentSet.java:328) ~[hibernate-core-5.6.14.Final.jar:5.6.14.Final]
	at java.base/java.lang.StringConcatHelper.stringOf(StringConcatHelper.java:453) ~[na:na]
	at com.docker.initial.modal.exam.Category.toString(Category.java:14) ~[main/:na]
	at java.base/java.lang.StringConcatHelper.stringOf(StringConcatHelper.java:453) ~[na:na]
	at com.docker.initial.modal.exam.Quiz.toString(Quiz.java:12) ~[main/:na]
	at java.base/java.lang.String.valueOf(String.java:4216) ~[na:na]
	at java.base/java.lang.StringBuilder.append(StringBuilder.java:173) ~[na:na]
	at java.base/java.util.AbstractCollection.toString(AbstractCollection.java:457) ~[na:na]
	at org.hibernate.collection.internal.PersistentSet.toString(PersistentSet.java:328) ~[hibernate-core-5.6.14.Final.jar:5.6.14.Final]
	at java.base/java.lang.StringConcatHelper.stringOf(StringConcatHelper.java:453) ~[na:na]
	at com.docker.initial.modal.exam.Category.toString(Category.java:14) ~[main/:na]
	at java.base/java.lang.StringConcatHelper.stringOf(StringConcatHelper.java:453) ~[na:na]
	at com.docker.initial.modal.exam.Quiz.toString(Quiz.java:12) ~[main/:na]
	at java.base/java.lang.String.valueOf(String.java:4216) ~[na:na]
	at java.base/java.lang.StringBuilder.append(StringBuilder.java:173) ~[na:na]
	at java.base/java.util.AbstractCollection.toString(AbstractCollection.java:457) ~[na:na]
	at org.hibernate.collection.internal.PersistentSet.toString(PersistentSet.java:328) ~[hibernate-core-5.6.14.Final.jar:5.6.14.Final]
	at java.base/java.lang.StringConcatHelper.stringOf(StringConcatHelper.java:453) ~[na:na]
	at com.docker.initial.modal.exam.Category.toString(Category.java:14) ~[main/:na]
	at java.base/java.lang.StringConcatHelper.stringOf(StringConcatHelper.java:453) ~[na:na]
	at com.docker.initial.modal.exam.Quiz.toString(Quiz.java:12) ~[main/:na]
	at java.base/java.lang.String.valueOf(String.java:4216) ~[na:na]
	at java.base/java.lang.StringBuilder.append(StringBuilder.java:173) ~[na:na]
	at java.base/java.util.AbstractCollection.toString(AbstractCollection.java:457) ~[na:na]
	at org.hibernate.collection.internal.PersistentSet.toString(PersistentSet.java:328) ~[hibernate-core-5.6.14.Final.jar:5.6.14.Final]
	at java.base/java.lang.StringConcatHelper.stringOf(StringConcatHelper.java:453) ~[na:na]
	at com.docker.initial.modal.exam.Category.toString(Category.java:14) ~[main/:na]
	at java.base/java.lang.StringConcatHelper.stringOf(StringConcatHelper.java:453) ~[na:na]
	at com.docker.initial.modal.exam.Quiz.toString(Quiz.java:12) ~[main/:na]
	at java.base/java.lang.String.valueOf(String.java:4216) ~[na:na]
	at java.base/java.lang.StringBuilder.append(StringBuilder.java:173) ~[na:na]
	at java.base/java.util.AbstractCollection.toString(AbstractCollection.java:457) ~[na:na]
	at org.hibernate.collection.internal.PersistentSet.toString(PersistentSet.java:328) ~[hibernate-core-5.6.14.Final.jar:5.6.14.Final]
	at java.base/java.lang.StringConcatHelper.stringOf(StringConcatHelper.java:453) ~[na:na]
	at com.docker.initial.modal.exam.Category.toString(Category.java:14) ~[main/:na]
	at java.base/java.lang.StringConcatHelper.stringOf(StringConcatHelper.java:453) ~[na:na]
	at com.docker.initial.modal.exam.Quiz.toString(Quiz.java:12) ~[main/:na]
	at java.base/java.lang.String.valueOf(String.java:4216) ~[na:na]
	at java.base/java.lang.StringBuilder.append(StringBuilder.java:173) ~[na:na]
	at java.base/java.util.AbstractCollection.toString(AbstractCollection.java:457) ~[na:na]
	at org.hibernate.collection.internal.PersistentSet.toString(PersistentSet.java:328) ~[hibernate-core-5.6.14.Final.jar:5.6.14.Final]
	at java.base/java.lang.StringConcatHelper.stringOf(StringConcatHelper.java:453) ~[na:na]
	at com.docker.initial.modal.exam.Category.toString(Category.java:14) ~[main/:na]
	at java.base/java.lang.StringConcatHelper.stringOf(StringConcatHelper.java:453) ~[na:na]
	at com.docker.initial.modal.exam.Quiz.toString(Quiz.java:12) ~[main/:na]
	at java.base/java.lang.String.valueOf(String.java:4216) ~[na:na]
	at java.base/java.lang.StringBuilder.append(StringBuilder.java:173) ~[na:na]
	at java.base/java.util.AbstractCollection.toString(AbstractCollection.java:457) ~[na:na]
	at org.hibernate.collection.internal.PersistentSet.toString(PersistentSet.java:328) ~[hibernate-core-5.6.14.Final.jar:5.6.14.Final]
	at java.base/java.lang.StringConcatHelper.stringOf(StringConcatHelper.java:453) ~[na:na]
	at com.docker.initial.modal.exam.Category.toString(Category.java:14) ~[main/:na]
	at java.base/java.lang.StringConcatHelper.stringOf(StringConcatHelper.java:453) ~[na:na]
	at com.docker.initial.modal.exam.Quiz.toString(Quiz.java:12) ~[main/:na]
	at java.base/java.lang.String.valueOf(String.java:4216) ~[na:na]
	at java.base/java.lang.StringBuilder.append(StringBuilder.java:173) ~[na:na]
	at java.base/java.util.AbstractCollection.toString(AbstractCollection.java:457) ~[na:na]
	at org.hibernate.collection.internal.PersistentSet.toString(PersistentSet.java:328) ~[hibernate-core-5.6.14.Final.jar:5.6.14.Final]
	at java.base/java.lang.StringConcatHelper.stringOf(StringConcatHelper.java:453) ~[na:na]
	at com.docker.initial.modal.exam.Category.toString(Category.java:14) ~[main/:na]
	at java.base/java.lang.StringConcatHelper.stringOf(StringConcatHelper.java:453) ~[na:na]
	at com.docker.initial.modal.exam.Quiz.toString(Quiz.java:12) ~[main/:na]
	at java.base/java.lang.String.valueOf(String.java:4216) ~[na:na]
	at java.base/java.lang.StringBuilder.append(StringBuilder.java:173) ~[na:na]
	at java.base/java.util.AbstractCollection.toString(AbstractCollection.java:457) ~[na:na]
	at org.hibernate.collection.internal.PersistentSet.toString(PersistentSet.java:328) ~[hibernate-core-5.6.14.Final.jar:5.6.14.Final]
	at java.base/java.lang.StringConcatHelper.stringOf(StringConcatHelper.java:453) ~[na:na]
	at com.docker.initial.modal.exam.Category.toString(Category.java:14) ~[main/:na]
	at java.base/java.lang.StringConcatHelper.stringOf(StringConcatHelper.java:453) ~[na:na]
	at com.docker.initial.modal.exam.Quiz.toString(Quiz.java:12) ~[main/:na]
	at java.base/java.lang.String.valueOf(String.java:4216) ~[na:na]
	at java.base/java.lang.StringBuilder.append(StringBuilder.java:173) ~[na:na]
	at java.base/java.util.AbstractCollection.toString(AbstractCollection.java:457) ~[na:na]
	at org.hibernate.collection.internal.PersistentSet.toString(PersistentSet.java:328) ~[hibernate-core-5.6.14.Final.jar:5.6.14.Final]
	at java.base/java.lang.StringConcatHelper.stringOf(StringConcatHelper.java:453) ~[na:na]
	at com.docker.initial.modal.exam.Category.toString(Category.java:14) ~[main/:na]
	at java.base/java.lang.StringConcatHelper.stringOf(StringConcatHelper.java:453) ~[na:na]
	at com.docker.initial.modal.exam.Quiz.toString(Quiz.java:12) ~[main/:na]
	at java.base/java.lang.String.valueOf(String.java:4216) ~[na:na]
	at java.base/java.lang.StringBuilder.append(StringBuilder.java:173) ~[na:na]
	at java.base/java.util.AbstractCollection.toString(AbstractCollection.java:457) ~[na:na]
	at org.hibernate.collection.internal.PersistentSet.toString(PersistentSet.java:328) ~[hibernate-core-5.6.14.Final.jar:5.6.14.Final]
	at java.base/java.lang.StringConcatHelper.stringOf(StringConcatHelper.java:453) ~[na:na]
	at com.docker.initial.modal.exam.Category.toString(Category.java:14) ~[main/:na]
	at java.base/java.lang.StringConcatHelper.stringOf(StringConcatHelper.java:453) ~[na:na]
	at com.docker.initial.modal.exam.Quiz.toString(Quiz.java:12) ~[main/:na]
	at java.base/java.lang.String.valueOf(String.java:4216) ~[na:na]
	at java.base/java.lang.StringBuilder.append(StringBuilder.java:173) ~[na:na]
	at java.base/java.util.AbstractCollection.toString(AbstractCollection.java:457) ~[na:na]
	at org.hibernate.collection.internal.PersistentSet.toString(PersistentSet.java:328) ~[hibernate-core-5.6.14.Final.jar:5.6.14.Final]
	at java.base/java.lang.StringConcatHelper.stringOf(StringConcatHelper.java:453) ~[na:na]
	at com.docker.initial.modal.exam.Category.toString(Category.java:14) ~[main/:na]
	at java.base/java.lang.StringConcatHelper.stringOf(StringConcatHelper.java:453) ~[na:na]
	at com.docker.initial.modal.exam.Quiz.toString(Quiz.java:12) ~[main/:na]
	at java.base/java.lang.String.valueOf(String.java:4216) ~[na:na]
	at java.base/java.lang.StringBuilder.append(StringBuilder.java:173) ~[na:na]
	at java.base/java.util.AbstractCollection.toString(AbstractCollection.java:457) ~[na:na]
	at org.hibernate.collection.internal.PersistentSet.toString(PersistentSet.java:328) ~[hibernate-core-5.6.14.Final.jar:5.6.14.Final]
	at java.base/java.lang.StringConcatHelper.stringOf(StringConcatHelper.java:453) ~[na:na]
	at com.docker.initial.modal.exam.Category.toString(Category.java:14) ~[main/:na]
	at java.base/java.lang.StringConcatHelper.stringOf(StringConcatHelper.java:453) ~[na:na]
	at com.docker.initial.modal.exam.Quiz.toString(Quiz.java:12) ~[main/:na]
	at java.base/java.lang.String.valueOf(String.java:4216) ~[na:na]
	at java.base/java.lang.StringBuilder.append(StringBuilder.java:173) ~[na:na]
	at java.base/java.util.AbstractCollection.toString(AbstractCollection.java:457) ~[na:na]
	at org.hibernate.collection.internal.PersistentSet.toString(PersistentSet.java:328) ~[hibernate-core-5.6.14.Final.jar:5.6.14.Final]
	at java.base/java.lang.StringConcatHelper.stringOf(StringConcatHelper.java:453) ~[na:na]
	at com.docker.initial.modal.exam.Category.toString(Category.java:14) ~[main/:na]
	at java.base/java.lang.StringConcatHelper.stringOf(StringConcatHelper.java:453) ~[na:na]
	at com.docker.initial.modal.exam.Quiz.toString(Quiz.java:12) ~[main/:na]
	at java.base/java.lang.String.valueOf(String.java:4216) ~[na:na]
	at java.base/java.lang.StringBuilder.append(StringBuilder.java:173) ~[na:na]
	at java.base/java.util.AbstractCollection.toString(AbstractCollection.java:457) ~[na:na]
	at org.hibernate.collection.internal.PersistentSet.toString(PersistentSet.java:328) ~[hibernate-core-5.6.14.Final.jar:5.6.14.Final]
	at java.base/java.lang.StringConcatHelper.stringOf(StringConcatHelper.java:453) ~[na:na]
	at com.docker.initial.modal.exam.Category.toString(Category.java:14) ~[main/:na]
	at java.base/java.lang.StringConcatHelper.stringOf(StringConcatHelper.java:453) ~[na:na]
	at com.docker.initial.modal.exam.Quiz.toString(Quiz.java:12) ~[main/:na]
	at java.base/java.lang.String.valueOf(String.java:4216) ~[na:na]
	at java.base/java.lang.StringBuilder.append(StringBuilder.java:173) ~[na:na]
	at java.base/java.util.AbstractCollection.toString(AbstractCollection.java:457) ~[na:na]
	at org.hibernate.collection.internal.PersistentSet.toString(PersistentSet.java:328) ~[hibernate-core-5.6.14.Final.jar:5.6.14.Final]
	at java.base/java.lang.StringConcatHelper.stringOf(StringConcatHelper.java:453) ~[na:na]
	at com.docker.initial.modal.exam.Category.toString(Category.java:14) ~[main/:na]
	at java.base/java.lang.StringConcatHelper.stringOf(StringConcatHelper.java:453) ~[na:na]
	at com.docker.initial.modal.exam.Quiz.toString(Quiz.java:12) ~[main/:na]
	at java.base/java.lang.String.valueOf(String.java:4216) ~[na:na]
	at java.base/java.lang.StringBuilder.append(StringBuilder.java:173) ~[na:na]
	at java.base/java.util.AbstractCollection.toString(AbstractCollection.java:457) ~[na:na]
	at org.hibernate.collection.internal.PersistentSet.toString(PersistentSet.java:328) ~[hibernate-core-5.6.14.Final.jar:5.6.14.Final]
	at java.base/java.lang.StringConcatHelper.stringOf(StringConcatHelper.java:453) ~[na:na]
	at com.docker.initial.modal.exam.Category.toString(Category.java:14) ~[main/:na]
	at java.base/java.lang.StringConcatHelper.stringOf(StringConcatHelper.java:453) ~[na:na]
	at com.docker.initial.modal.exam.Quiz.toString(Quiz.java:12) ~[main/:na]
	at java.base/java.lang.String.valueOf(String.java:4216) ~[na:na]
	at java.base/java.lang.StringBuilder.append(StringBuilder.java:173) ~[na:na]
	at java.base/java.util.AbstractCollection.toString(AbstractCollection.java:457) ~[na:na]
	at org.hibernate.collection.internal.PersistentSet.toString(PersistentSet.java:328) ~[hibernate-core-5.6.14.Final.jar:5.6.14.Final]
	at java.base/java.lang.StringConcatHelper.stringOf(StringConcatHelper.java:453) ~[na:na]
	at com.docker.initial.modal.exam.Category.toString(Category.java:14) ~[main/:na]
	at java.base/java.lang.StringConcatHelper.stringOf(StringConcatHelper.java:453) ~[na:na]
	at com.docker.initial.modal.exam.Quiz.toString(Quiz.java:12) ~[main/:na]
	at java.base/java.lang.String.valueOf(String.java:4216) ~[na:na]
	at java.base/java.lang.StringBuilder.append(StringBuilder.java:173) ~[na:na]
	at java.base/java.util.AbstractCollection.toString(AbstractCollection.java:457) ~[na:na]
	at org.hibernate.collection.internal.PersistentSet.toString(PersistentSet.java:328) ~[hibernate-core-5.6.14.Final.jar:5.6.14.Final]
	at java.base/java.lang.StringConcatHelper.stringOf(StringConcatHelper.java:453) ~[na:na]
	at com.docker.initial.modal.exam.Category.toString(Category.java:14) ~[main/:na]
	at java.base/java.lang.StringConcatHelper.stringOf(StringConcatHelper.java:453) ~[na:na]
	at com.docker.initial.modal.exam.Quiz.toString(Quiz.java:12) ~[main/:na]
	at java.base/java.lang.String.valueOf(String.java:4216) ~[na:na]
	at java.base/java.lang.StringBuilder.append(StringBuilder.java:173) ~[na:na]
	at java.base/java.util.AbstractCollection.toString(AbstractCollection.java:457) ~[na:na]
	at org.hibernate.collection.internal.PersistentSet.toString(PersistentSet.java:328) ~[hibernate-core-5.6.14.Final.jar:5.6.14.Final]
	at java.base/java.lang.StringConcatHelper.stringOf(StringConcatHelper.java:453) ~[na:na]
	at com.docker.initial.modal.exam.Category.toString(Category.java:14) ~[main/:na]
	at java.base/java.lang.StringConcatHelper.stringOf(StringConcatHelper.java:453) ~[na:na]
	at com.docker.initial.modal.exam.Quiz.toString(Quiz.java:12) ~[main/:na]
	at java.base/java.lang.String.valueOf(String.java:4216) ~[na:na]
	at java.base/java.lang.StringBuilder.append(StringBuilder.java:173) ~[na:na]
	at java.base/java.util.AbstractCollection.toString(AbstractCollection.java:457) ~[na:na]
	at org.hibernate.collection.internal.PersistentSet.toString(PersistentSet.java:328) ~[hibernate-core-5.6.14.Final.jar:5.6.14.Final]
	at java.base/java.lang.StringConcatHelper.stringOf(StringConcatHelper.java:453) ~[na:na]
	at com.docker.initial.modal.exam.Category.toString(Category.java:14) ~[main/:na]
	at java.base/java.lang.StringConcatHelper.stringOf(StringConcatHelper.java:453) ~[na:na]
	at com.docker.initial.modal.exam.Quiz.toString(Quiz.java:12) ~[main/:na]
	at java.base/java.lang.String.valueOf(String.java:4216) ~[na:na]
	at java.base/java.lang.StringBuilder.append(StringBuilder.java:173) ~[na:na]
	at java.base/java.util.AbstractCollection.toString(AbstractCollection.java:457) ~[na:na]
	at org.hibernate.collection.internal.PersistentSet.toString(PersistentSet.java:328) ~[hibernate-core-5.6.14.Final.jar:5.6.14.Final]
	at java.base/java.lang.StringConcatHelper.stringOf(StringConcatHelper.java:453) ~[na:na]
	at com.docker.initial.modal.exam.Category.toString(Category.java:14) ~[main/:na]
	at java.base/java.lang.StringConcatHelper.stringOf(StringConcatHelper.java:453) ~[na:na]
	at com.docker.initial.modal.exam.Quiz.toString(Quiz.java:12) ~[main/:na]
	at java.base/java.lang.String.valueOf(String.java:4216) ~[na:na]
	at java.base/java.lang.StringBuilder.append(StringBuilder.java:173) ~[na:na]
	at java.base/java.util.AbstractCollection.toString(AbstractCollection.java:457) ~[na:na]
	at org.hibernate.collection.internal.PersistentSet.toString(PersistentSet.java:328) ~[hibernate-core-5.6.14.Final.jar:5.6.14.Final]
	at java.base/java.lang.StringConcatHelper.stringOf(StringConcatHelper.java:453) ~[na:na]
	at com.docker.initial.modal.exam.Category.toString(Category.java:14) ~[main/:na]
	at java.base/java.lang.StringConcatHelper.stringOf(StringConcatHelper.java:453) ~[na:na]
	at com.docker.initial.modal.exam.Quiz.toString(Quiz.java:12) ~[main/:na]
	at java.base/java.lang.String.valueOf(String.java:4216) ~[na:na]
	at java.base/java.lang.StringBuilder.append(StringBuilder.java:173) ~[na:na]
	at java.base/java.util.AbstractCollection.toString(AbstractCollection.java:457) ~[na:na]
	at org.hibernate.collection.internal.PersistentSet.toString(PersistentSet.java:328) ~[hibernate-core-5.6.14.Final.jar:5.6.14.Final]
	at java.base/java.lang.StringConcatHelper.stringOf(StringConcatHelper.java:453) ~[na:na]
	at com.docker.initial.modal.exam.Category.toString(Category.java:14) ~[main/:na]
	at java.base/java.lang.StringConcatHelper.stringOf(StringConcatHelper.java:453) ~[na:na]
	at com.docker.initial.modal.exam.Quiz.toString(Quiz.java:12) ~[main/:na]
	at java.base/java.lang.String.valueOf(String.java:4216) ~[na:na]
	at java.base/java.lang.StringBuilder.append(StringBuilder.java:173) ~[na:na]
	at java.base/java.util.AbstractCollection.toString(AbstractCollection.java:457) ~[na:na]
	at org.hibernate.collection.internal.PersistentSet.toString(PersistentSet.java:328) ~[hibernate-core-5.6.14.Final.jar:5.6.14.Final]
	at java.base/java.lang.StringConcatHelper.stringOf(StringConcatHelper.java:453) ~[na:na]
	at com.docker.initial.modal.exam.Category.toString(Category.java:14) ~[main/:na]
	at java.base/java.lang.StringConcatHelper.stringOf(StringConcatHelper.java:453) ~[na:na]
	at com.docker.initial.modal.exam.Quiz.toString(Quiz.java:12) ~[main/:na]
	at java.base/java.lang.String.valueOf(String.java:4216) ~[na:na]
	at java.base/java.lang.StringBuilder.append(StringBuilder.java:173) ~[na:na]
	at java.base/java.util.AbstractCollection.toString(AbstractCollection.java:457) ~[na:na]
	at org.hibernate.collection.internal.PersistentSet.toString(PersistentSet.java:328) ~[hibernate-core-5.6.14.Final.jar:5.6.14.Final]
	at java.base/java.lang.StringConcatHelper.stringOf(StringConcatHelper.java:453) ~[na:na]
	at com.docker.initial.modal.exam.Category.toString(Category.java:14) ~[main/:na]
	at java.base/java.lang.StringConcatHelper.stringOf(StringConcatHelper.java:453) ~[na:na]
	at com.docker.initial.modal.exam.Quiz.toString(Quiz.java:12) ~[main/:na]
	at java.base/java.lang.String.valueOf(String.java:4216) ~[na:na]
	at java.base/java.lang.StringBuilder.append(StringBuilder.java:173) ~[na:na]
	at java.base/java.util.AbstractCollection.toString(AbstractCollection.java:457) ~[na:na]
	at org.hibernate.collection.internal.PersistentSet.toString(PersistentSet.java:328) ~[hibernate-core-5.6.14.Final.jar:5.6.14.Final]
	at java.base/java.lang.StringConcatHelper.stringOf(StringConcatHelper.java:453) ~[na:na]
	at com.docker.initial.modal.exam.Category.toString(Category.java:14) ~[main/:na]
	at java.base/java.lang.StringConcatHelper.stringOf(StringConcatHelper.java:453) ~[na:na]
	at com.docker.initial.modal.exam.Quiz.toString(Quiz.java:12) ~[main/:na]
	at java.base/java.lang.String.valueOf(String.java:4216) ~[na:na]
	at java.base/java.lang.StringBuilder.append(StringBuilder.java:173) ~[na:na]
	at java.base/java.util.AbstractCollection.toString(AbstractCollection.java:457) ~[na:na]
	at org.hibernate.collection.internal.PersistentSet.toString(PersistentSet.java:328) ~[hibernate-core-5.6.14.Final.jar:5.6.14.Final]
	at java.base/java.lang.StringConcatHelper.stringOf(StringConcatHelper.java:453) ~[na:na]
	at com.docker.initial.modal.exam.Category.toString(Category.java:14) ~[main/:na]
	at java.base/java.lang.StringConcatHelper.stringOf(StringConcatHelper.java:453) ~[na:na]
	at com.docker.initial.modal.exam.Quiz.toString(Quiz.java:12) ~[main/:na]
	at java.base/java.lang.String.valueOf(String.java:4216) ~[na:na]
	at java.base/java.lang.StringBuilder.append(StringBuilder.java:173) ~[na:na]
	at java.base/java.util.AbstractCollection.toString(AbstractCollection.java:457) ~[na:na]
	at org.hibernate.collection.internal.PersistentSet.toString(PersistentSet.java:328) ~[hibernate-core-5.6.14.Final.jar:5.6.14.Final]
	at java.base/java.lang.StringConcatHelper.stringOf(StringConcatHelper.java:453) ~[na:na]
	at com.docker.initial.modal.exam.Category.toString(Category.java:14) ~[main/:na]
	at java.base/java.lang.StringConcatHelper.stringOf(StringConcatHelper.java:453) ~[na:na]
	at com.docker.initial.modal.exam.Quiz.toString(Quiz.java:12) ~[main/:na]
	at java.base/java.lang.String.valueOf(String.java:4216) ~[na:na]
	at java.base/java.lang.StringBuilder.append(StringBuilder.java:173) ~[na:na]
	at java.base/java.util.AbstractCollection.toString(AbstractCollection.java:457) ~[na:na]
	at org.hibernate.collection.internal.PersistentSet.toString(PersistentSet.java:328) ~[hibernate-core-5.6.14.Final.jar:5.6.14.Final]
	at java.base/java.lang.StringConcatHelper.stringOf(StringConcatHelper.java:453) ~[na:na]
	at com.docker.initial.modal.exam.Category.toString(Category.java:14) ~[main/:na]
	at java.base/java.lang.StringConcatHelper.stringOf(StringConcatHelper.java:453) ~[na:na]
	at com.docker.initial.modal.exam.Quiz.toString(Quiz.java:12) ~[main/:na]
	at java.base/java.lang.String.valueOf(String.java:4216) ~[na:na]
	at java.base/java.lang.StringBuilder.append(StringBuilder.java:173) ~[na:na]
	at java.base/java.util.AbstractCollection.toString(AbstractCollection.java:457) ~[na:na]
	at org.hibernate.collection.internal.PersistentSet.toString(PersistentSet.java:328) ~[hibernate-core-5.6.14.Final.jar:5.6.14.Final]
	at java.base/java.lang.StringConcatHelper.stringOf(StringConcatHelper.java:453) ~[na:na]
	at com.docker.initial.modal.exam.Category.toString(Category.java:14) ~[main/:na]
	at java.base/java.lang.StringConcatHelper.stringOf(StringConcatHelper.java:453) ~[na:na]
	at com.docker.initial.modal.exam.Quiz.toString(Quiz.java:12) ~[main/:na]
	at java.base/java.lang.String.valueOf(String.java:4216) ~[na:na]
	at java.base/java.lang.StringBuilder.append(StringBuilder.java:173) ~[na:na]
	at java.base/java.util.AbstractCollection.toString(AbstractCollection.java:457) ~[na:na]
	at org.hibernate.collection.internal.PersistentSet.toString(PersistentSet.java:328) ~[hibernate-core-5.6.14.Final.jar:5.6.14.Final]
	at java.base/java.lang.StringConcatHelper.stringOf(StringConcatHelper.java:453) ~[na:na]
	at com.docker.initial.modal.exam.Category.toString(Category.java:14) ~[main/:na]
	at java.base/java.lang.StringConcatHelper.stringOf(StringConcatHelper.java:453) ~[na:na]
	at com.docker.initial.modal.exam.Quiz.toString(Quiz.java:12) ~[main/:na]
	at java.base/java.lang.String.valueOf(String.java:4216) ~[na:na]
	at java.base/java.lang.StringBuilder.append(StringBuilder.java:173) ~[na:na]
	at java.base/java.util.AbstractCollection.toString(AbstractCollection.java:457) ~[na:na]
	at org.hibernate.collection.internal.PersistentSet.toString(PersistentSet.java:328) ~[hibernate-core-5.6.14.Final.jar:5.6.14.Final]
	at java.base/java.lang.StringConcatHelper.stringOf(StringConcatHelper.java:453) ~[na:na]
	at com.docker.initial.modal.exam.Category.toString(Category.java:14) ~[main/:na]
	at java.base/java.lang.StringConcatHelper.stringOf(StringConcatHelper.java:453) ~[na:na]
	at com.docker.initial.modal.exam.Quiz.toString(Quiz.java:12) ~[main/:na]
	at java.base/java.lang.String.valueOf(String.java:4216) ~[na:na]
	at java.base/java.lang.StringBuilder.append(StringBuilder.java:173) ~[na:na]
	at java.base/java.util.AbstractCollection.toString(AbstractCollection.java:457) ~[na:na]
	at org.hibernate.collection.internal.PersistentSet.toString(PersistentSet.java:328) ~[hibernate-core-5.6.14.Final.jar:5.6.14.Final]
	at java.base/java.lang.StringConcatHelper.stringOf(StringConcatHelper.java:453) ~[na:na]
	at com.docker.initial.modal.exam.Category.toString(Category.java:14) ~[main/:na]
	at java.base/java.lang.StringConcatHelper.stringOf(StringConcatHelper.java:453) ~[na:na]
	at com.docker.initial.modal.exam.Quiz.toString(Quiz.java:12) ~[main/:na]
	at java.base/java.lang.String.valueOf(String.java:4216) ~[na:na]
	at java.base/java.lang.StringBuilder.append(StringBuilder.java:173) ~[na:na]
	at java.base/java.util.AbstractCollection.toString(AbstractCollection.java:457) ~[na:na]
	at org.hibernate.collection.internal.PersistentSet.toString(PersistentSet.java:328) ~[hibernate-core-5.6.14.Final.jar:5.6.14.Final]
	at java.base/java.lang.StringConcatHelper.stringOf(StringConcatHelper.java:453) ~[na:na]
	at com.docker.initial.modal.exam.Category.toString(Category.java:14) ~[main/:na]
	at java.base/java.lang.StringConcatHelper.stringOf(StringConcatHelper.java:453) ~[na:na]
	at com.docker.initial.modal.exam.Quiz.toString(Quiz.java:12) ~[main/:na]
	at java.base/java.lang.String.valueOf(String.java:4216) ~[na:na]
	at java.base/java.lang.StringBuilder.append(StringBuilder.java:173) ~[na:na]
	at java.base/java.util.AbstractCollection.toString(AbstractCollection.java:457) ~[na:na]
	at org.hibernate.collection.internal.PersistentSet.toString(PersistentSet.java:328) ~[hibernate-core-5.6.14.Final.jar:5.6.14.Final]
	at java.base/java.lang.StringConcatHelper.stringOf(StringConcatHelper.java:453) ~[na:na]
	at com.docker.initial.modal.exam.Category.toString(Category.java:14) ~[main/:na]
	at java.base/java.lang.StringConcatHelper.stringOf(StringConcatHelper.java:453) ~[na:na]
	at com.docker.initial.modal.exam.Quiz.toString(Quiz.java:12) ~[main/:na]
	at java.base/java.lang.String.valueOf(String.java:4216) ~[na:na]
	at java.base/java.lang.StringBuilder.append(StringBuilder.java:173) ~[na:na]
	at java.base/java.util.AbstractCollection.toString(AbstractCollection.java:457) ~[na:na]
	at org.hibernate.collection.internal.PersistentSet.toString(PersistentSet.java:328) ~[hibernate-core-5.6.14.Final.jar:5.6.14.Final]
	at java.base/java.lang.StringConcatHelper.stringOf(StringConcatHelper.java:453) ~[na:na]
	at com.docker.initial.modal.exam.Category.toString(Category.java:14) ~[main/:na]
	at java.base/java.lang.StringConcatHelper.stringOf(StringConcatHelper.java:453) ~[na:na]
	at com.docker.initial.modal.exam.Quiz.toString(Quiz.java:12) ~[main/:na]
	at java.base/java.lang.String.valueOf(String.java:4216) ~[na:na]
	at java.base/java.lang.StringBuilder.append(StringBuilder.java:173) ~[na:na]
	at java.base/java.util.AbstractCollection.toString(AbstractCollection.java:457) ~[na:na]
	at org.hibernate.collection.internal.PersistentSet.toString(PersistentSet.java:328) ~[hibernate-core-5.6.14.Final.jar:5.6.14.Final]
	at java.base/java.lang.StringConcatHelper.stringOf(StringConcatHelper.java:453) ~[na:na]
	at com.docker.initial.modal.exam.Category.toString(Category.java:14) ~[main/:na]
	at java.base/java.lang.StringConcatHelper.stringOf(StringConcatHelper.java:453) ~[na:na]
	at com.docker.initial.modal.exam.Quiz.toString(Quiz.java:12) ~[main/:na]
	at java.base/java.lang.String.valueOf(String.java:4216) ~[na:na]
	at java.base/java.lang.StringBuilder.append(StringBuilder.java:173) ~[na:na]
	at java.base/java.util.AbstractCollection.toString(AbstractCollection.java:457) ~[na:na]
	at org.hibernate.collection.internal.PersistentSet.toString(PersistentSet.java:328) ~[hibernate-core-5.6.14.Final.jar:5.6.14.Final]
	at java.base/java.lang.StringConcatHelper.stringOf(StringConcatHelper.java:453) ~[na:na]
	at com.docker.initial.modal.exam.Category.toString(Category.java:14) ~[main/:na]
	at java.base/java.lang.StringConcatHelper.stringOf(StringConcatHelper.java:453) ~[na:na]
	at com.docker.initial.modal.exam.Quiz.toString(Quiz.java:12) ~[main/:na]
	at java.base/java.lang.String.valueOf(String.java:4216) ~[na:na]
	at java.base/java.lang.StringBuilder.append(StringBuilder.java:173) ~[na:na]
	at java.base/java.util.AbstractCollection.toString(AbstractCollection.java:457) ~[na:na]
	at org.hibernate.collection.internal.PersistentSet.toString(PersistentSet.java:328) ~[hibernate-core-5.6.14.Final.jar:5.6.14.Final]
	at java.base/java.lang.StringConcatHelper.stringOf(StringConcatHelper.java:453) ~[na:na]
	at com.docker.initial.modal.exam.Category.toString(Category.java:14) ~[main/:na]
	at java.base/java.lang.StringConcatHelper.stringOf(StringConcatHelper.java:453) ~[na:na]
	at com.docker.initial.modal.exam.Quiz.toString(Quiz.java:12) ~[main/:na]
	at java.base/java.lang.String.valueOf(String.java:4216) ~[na:na]
	at java.base/java.lang.StringBuilder.append(StringBuilder.java:173) ~[na:na]
	at java.base/java.util.AbstractCollection.toString(AbstractCollection.java:457) ~[na:na]
	at org.hibernate.collection.internal.PersistentSet.toString(PersistentSet.java:328) ~[hibernate-core-5.6.14.Final.jar:5.6.14.Final]
	at java.base/java.lang.StringConcatHelper.stringOf(StringConcatHelper.java:453) ~[na:na]
	at com.docker.initial.modal.exam.Category.toString(Category.java:14) ~[main/:na]
	at java.base/java.lang.StringConcatHelper.stringOf(StringConcatHelper.java:453) ~[na:na]
	at com.docker.initial.modal.exam.Quiz.toString(Quiz.java:12) ~[main/:na]
	at java.base/java.lang.String.valueOf(String.java:4216) ~[na:na]
	at java.base/java.lang.StringBuilder.append(StringBuilder.java:173) ~[na:na]
	at java.base/java.util.AbstractCollection.toString(AbstractCollection.java:457) ~[na:na]
	at org.hibernate.collection.internal.PersistentSet.toString(PersistentSet.java:328) ~[hibernate-core-5.6.14.Final.jar:5.6.14.Final]
	at java.base/java.lang.StringConcatHelper.stringOf(StringConcatHelper.java:453) ~[na:na]
	at com.docker.initial.modal.exam.Category.toString(Category.java:14) ~[main/:na]
	at java.base/java.lang.StringConcatHelper.stringOf(StringConcatHelper.java:453) ~[na:na]

2025-04-06 20:03:58.183  INFO 9604 --- [main] com.docker.initial.InitialApplication    : Starting InitialApplication using Java 17.0.6 on Hp-Aero with PID 9604 (E:\project\initial\initial\build\classes\java\main started by Abhijeet in E:\project\initial\initial)
2025-04-06 20:03:58.189  INFO 9604 --- [main] com.docker.initial.InitialApplication    : No active profile set, falling back to 1 default profile: "default"
2025-04-06 20:03:59.319  INFO 9604 --- [main] .s.d.r.c.RepositoryConfigurationDelegate : Bootstrapping Spring Data JPA repositories in DEFAULT mode.
2025-04-06 20:03:59.416  INFO 9604 --- [main] .s.d.r.c.RepositoryConfigurationDelegate : Finished Spring Data repository scanning in 86 ms. Found 5 JPA repository interfaces.
2025-04-06 20:04:00.282  INFO 9604 --- [main] o.s.b.w.embedded.tomcat.TomcatWebServer  : Tomcat initialized with port(s): 8081 (http)
2025-04-06 20:04:00.297  INFO 9604 --- [main] o.apache.catalina.core.StandardService   : Starting service [Tomcat]
2025-04-06 20:04:00.298  INFO 9604 --- [main] org.apache.catalina.core.StandardEngine  : Starting Servlet engine: [Apache Tomcat/9.0.69]
2025-04-06 20:04:00.445  INFO 9604 --- [main] o.a.c.c.C.[Tomcat].[localhost].[/]       : Initializing Spring embedded WebApplicationContext
2025-04-06 20:04:00.445  INFO 9604 --- [main] w.s.c.ServletWebServerApplicationContext : Root WebApplicationContext: initialization completed in 2179 ms
2025-04-06 20:04:00.876  INFO 9604 --- [main] o.hibernate.jpa.internal.util.LogHelper  : HHH000204: Processing PersistenceUnitInfo [name: default]
2025-04-06 20:04:00.947  INFO 9604 --- [main] org.hibernate.Version                    : HHH000412: Hibernate ORM core version 5.6.14.Final
2025-04-06 20:04:01.155  INFO 9604 --- [main] o.hibernate.annotations.common.Version   : HCANN000001: Hibernate Commons Annotations {5.1.2.Final}
2025-04-06 20:04:01.292  INFO 9604 --- [main] com.zaxxer.hikari.HikariDataSource       : HikariPool-1 - Starting...
2025-04-06 20:04:01.809  INFO 9604 --- [main] com.zaxxer.hikari.HikariDataSource       : HikariPool-1 - Start completed.
2025-04-06 20:04:01.830  INFO 9604 --- [main] org.hibernate.dialect.Dialect            : HHH000400: Using dialect: org.hibernate.dialect.MySQL8Dialect
2025-04-06 20:04:02.755  INFO 9604 --- [main] o.h.e.t.j.p.i.JtaPlatformInitiator       : HHH000490: Using JtaPlatform implementation: [org.hibernate.engine.transaction.jta.platform.internal.NoJtaPlatform]
2025-04-06 20:04:02.765  INFO 9604 --- [main] j.LocalContainerEntityManagerFactoryBean : Initialized JPA EntityManagerFactory for persistence unit 'default'
2025-04-06 20:04:03.362  WARN 9604 --- [main] JpaBaseConfiguration$JpaWebConfiguration : spring.jpa.open-in-view is enabled by default. Therefore, database queries may be performed during view rendering. Explicitly configure spring.jpa.open-in-view to disable this warning
2025-04-06 20:04:03.639  INFO 9604 --- [main] o.s.s.web.DefaultSecurityFilterChain     : Will secure any request with [org.springframework.security.web.session.DisableEncodeUrlFilter@73483d4b, org.springframework.security.web.context.request.async.WebAsyncManagerIntegrationFilter@8961e55, org.springframework.security.web.context.SecurityContextPersistenceFilter@14091e24, org.springframework.security.web.header.HeaderWriterFilter@35c9f527, org.springframework.security.web.authentication.logout.LogoutFilter@16e3d6d0, com.docker.initial.configuration.JwtAuthenticationFilter@6167a456, org.springframework.security.web.savedrequest.RequestCacheAwareFilter@408980aa, org.springframework.security.web.servletapi.SecurityContextHolderAwareRequestFilter@4202bfe8, org.springframework.security.web.authentication.AnonymousAuthenticationFilter@67eabe02, org.springframework.security.web.session.SessionManagementFilter@2a9f7572, org.springframework.security.web.access.ExceptionTranslationFilter@5625ba2, org.springframework.security.web.access.intercept.FilterSecurityInterceptor@7f1b2f07]
2025-04-06 20:04:04.849  INFO 9604 --- [main] o.s.b.a.e.web.EndpointLinksResolver      : Exposing 15 endpoint(s) beneath base path '/actuator'
2025-04-06 20:04:04.918  INFO 9604 --- [main] o.s.b.w.embedded.tomcat.TomcatWebServer  : Tomcat started on port(s): 8081 (http) with context path ''
2025-04-06 20:04:04.933  INFO 9604 --- [main] com.docker.initial.InitialApplication    : Started InitialApplication in 7.215 seconds (JVM running for 7.709)
2025-04-06 20:04:06.875  INFO 9604 --- [http-nio-8081-exec-1] o.a.c.c.C.[Tomcat].[localhost].[/]       : Initializing Spring DispatcherServlet 'dispatcherServlet'
2025-04-06 20:04:06.875  INFO 9604 --- [http-nio-8081-exec-1] o.s.web.servlet.DispatcherServlet        : Initializing Servlet 'dispatcherServlet'
2025-04-06 20:04:06.877  INFO 9604 --- [http-nio-8081-exec-1] o.s.web.servlet.DispatcherServlet        : Completed initialization in 2 ms
2025-04-06 20:05:29.901  INFO 1936 --- [main] com.docker.initial.InitialApplication    : Starting InitialApplication using Java 17.0.6 on Hp-Aero with PID 1936 (E:\project\initial\initial\build\classes\java\main started by Abhijeet in E:\project\initial\initial)
2025-04-06 20:05:29.905  INFO 1936 --- [main] com.docker.initial.InitialApplication    : No active profile set, falling back to 1 default profile: "default"
2025-04-06 20:05:31.019  INFO 1936 --- [main] .s.d.r.c.RepositoryConfigurationDelegate : Bootstrapping Spring Data JPA repositories in DEFAULT mode.
2025-04-06 20:05:31.117  INFO 1936 --- [main] .s.d.r.c.RepositoryConfigurationDelegate : Finished Spring Data repository scanning in 87 ms. Found 5 JPA repository interfaces.
2025-04-06 20:05:31.968  INFO 1936 --- [main] o.s.b.w.embedded.tomcat.TomcatWebServer  : Tomcat initialized with port(s): 8081 (http)
2025-04-06 20:05:31.982  INFO 1936 --- [main] o.apache.catalina.core.StandardService   : Starting service [Tomcat]
2025-04-06 20:05:31.983  INFO 1936 --- [main] org.apache.catalina.core.StandardEngine  : Starting Servlet engine: [Apache Tomcat/9.0.69]
2025-04-06 20:05:32.131  INFO 1936 --- [main] o.a.c.c.C.[Tomcat].[localhost].[/]       : Initializing Spring embedded WebApplicationContext
2025-04-06 20:05:32.132  INFO 1936 --- [main] w.s.c.ServletWebServerApplicationContext : Root WebApplicationContext: initialization completed in 2166 ms
2025-04-06 20:05:32.585  INFO 1936 --- [main] o.hibernate.jpa.internal.util.LogHelper  : HHH000204: Processing PersistenceUnitInfo [name: default]
2025-04-06 20:05:32.663  INFO 1936 --- [main] org.hibernate.Version                    : HHH000412: Hibernate ORM core version 5.6.14.Final
2025-04-06 20:05:32.865  INFO 1936 --- [main] o.hibernate.annotations.common.Version   : HCANN000001: Hibernate Commons Annotations {5.1.2.Final}
2025-04-06 20:05:33.024  INFO 1936 --- [main] com.zaxxer.hikari.HikariDataSource       : HikariPool-1 - Starting...
2025-04-06 20:05:33.397  INFO 1936 --- [main] com.zaxxer.hikari.HikariDataSource       : HikariPool-1 - Start completed.
2025-04-06 20:05:33.422  INFO 1936 --- [main] org.hibernate.dialect.Dialect            : HHH000400: Using dialect: org.hibernate.dialect.MySQL8Dialect
2025-04-06 20:05:34.331  INFO 1936 --- [main] o.h.e.t.j.p.i.JtaPlatformInitiator       : HHH000490: Using JtaPlatform implementation: [org.hibernate.engine.transaction.jta.platform.internal.NoJtaPlatform]
2025-04-06 20:05:34.341  INFO 1936 --- [main] j.LocalContainerEntityManagerFactoryBean : Initialized JPA EntityManagerFactory for persistence unit 'default'
2025-04-06 20:05:34.923  WARN 1936 --- [main] JpaBaseConfiguration$JpaWebConfiguration : spring.jpa.open-in-view is enabled by default. Therefore, database queries may be performed during view rendering. Explicitly configure spring.jpa.open-in-view to disable this warning
2025-04-06 20:05:35.177  INFO 1936 --- [main] o.s.s.web.DefaultSecurityFilterChain     : Will secure any request with [org.springframework.security.web.session.DisableEncodeUrlFilter@4197e859, org.springframework.security.web.context.request.async.WebAsyncManagerIntegrationFilter@73072745, org.springframework.security.web.context.SecurityContextPersistenceFilter@38326fd5, org.springframework.security.web.header.HeaderWriterFilter@2370c90, org.springframework.security.web.authentication.logout.LogoutFilter@623d222, com.docker.initial.configuration.JwtAuthenticationFilter@23e3a27f, org.springframework.security.web.savedrequest.RequestCacheAwareFilter@92775a3, org.springframework.security.web.servletapi.SecurityContextHolderAwareRequestFilter@70a91d72, org.springframework.security.web.authentication.AnonymousAuthenticationFilter@4bdbfbc6, org.springframework.security.web.session.SessionManagementFilter@61627c9d, org.springframework.security.web.access.ExceptionTranslationFilter@1e9a10e9, org.springframework.security.web.access.intercept.FilterSecurityInterceptor@307e9c02]
2025-04-06 20:05:36.598  INFO 1936 --- [main] o.s.b.a.e.web.EndpointLinksResolver      : Exposing 15 endpoint(s) beneath base path '/actuator'
2025-04-06 20:05:36.673  INFO 1936 --- [main] o.s.b.w.embedded.tomcat.TomcatWebServer  : Tomcat started on port(s): 8081 (http) with context path ''
2025-04-06 20:05:36.690  INFO 1936 --- [main] com.docker.initial.InitialApplication    : Started InitialApplication in 7.259 seconds (JVM running for 7.733)
2025-04-06 20:05:36.888  INFO 1936 --- [http-nio-8081-exec-2] o.a.c.c.C.[Tomcat].[localhost].[/]       : Initializing Spring DispatcherServlet 'dispatcherServlet'
2025-04-06 20:05:36.889  INFO 1936 --- [http-nio-8081-exec-2] o.s.web.servlet.DispatcherServlet        : Initializing Servlet 'dispatcherServlet'
2025-04-06 20:05:36.891  INFO 1936 --- [http-nio-8081-exec-2] o.s.web.servlet.DispatcherServlet        : Completed initialization in 2 ms
2025-04-06 20:06:12.458  INFO 24020 --- [main] com.docker.initial.InitialApplication    : Starting InitialApplication using Java 17.0.6 on Hp-Aero with PID 24020 (E:\project\initial\initial\build\classes\java\main started by Abhijeet in E:\project\initial\initial)
2025-04-06 20:06:12.462  INFO 24020 --- [main] com.docker.initial.InitialApplication    : No active profile set, falling back to 1 default profile: "default"
2025-04-06 20:06:13.603  INFO 24020 --- [main] .s.d.r.c.RepositoryConfigurationDelegate : Bootstrapping Spring Data JPA repositories in DEFAULT mode.
2025-04-06 20:06:13.701  INFO 24020 --- [main] .s.d.r.c.RepositoryConfigurationDelegate : Finished Spring Data repository scanning in 89 ms. Found 5 JPA repository interfaces.
2025-04-06 20:06:14.536  INFO 24020 --- [main] o.s.b.w.embedded.tomcat.TomcatWebServer  : Tomcat initialized with port(s): 8081 (http)
2025-04-06 20:06:14.555  INFO 24020 --- [main] o.apache.catalina.core.StandardService   : Starting service [Tomcat]
2025-04-06 20:06:14.556  INFO 24020 --- [main] org.apache.catalina.core.StandardEngine  : Starting Servlet engine: [Apache Tomcat/9.0.69]
2025-04-06 20:06:14.740  INFO 24020 --- [main] o.a.c.c.C.[Tomcat].[localhost].[/]       : Initializing Spring embedded WebApplicationContext
2025-04-06 20:06:14.741  INFO 24020 --- [main] w.s.c.ServletWebServerApplicationContext : Root WebApplicationContext: initialization completed in 2217 ms
2025-04-06 20:06:15.195  INFO 24020 --- [main] o.hibernate.jpa.internal.util.LogHelper  : HHH000204: Processing PersistenceUnitInfo [name: default]
2025-04-06 20:06:15.277  INFO 24020 --- [main] org.hibernate.Version                    : HHH000412: Hibernate ORM core version 5.6.14.Final
2025-04-06 20:06:15.498  INFO 24020 --- [main] o.hibernate.annotations.common.Version   : HCANN000001: Hibernate Commons Annotations {5.1.2.Final}
2025-04-06 20:06:15.638  INFO 24020 --- [main] com.zaxxer.hikari.HikariDataSource       : HikariPool-1 - Starting...
2025-04-06 20:06:15.966  INFO 24020 --- [main] com.zaxxer.hikari.HikariDataSource       : HikariPool-1 - Start completed.
2025-04-06 20:06:15.987  INFO 24020 --- [main] org.hibernate.dialect.Dialect            : HHH000400: Using dialect: org.hibernate.dialect.MySQL8Dialect
2025-04-06 20:06:16.805  INFO 24020 --- [main] o.h.e.t.j.p.i.JtaPlatformInitiator       : HHH000490: Using JtaPlatform implementation: [org.hibernate.engine.transaction.jta.platform.internal.NoJtaPlatform]
2025-04-06 20:06:16.815  INFO 24020 --- [main] j.LocalContainerEntityManagerFactoryBean : Initialized JPA EntityManagerFactory for persistence unit 'default'
2025-04-06 20:06:17.404  WARN 24020 --- [main] JpaBaseConfiguration$JpaWebConfiguration : spring.jpa.open-in-view is enabled by default. Therefore, database queries may be performed during view rendering. Explicitly configure spring.jpa.open-in-view to disable this warning
2025-04-06 20:06:17.663  INFO 24020 --- [main] o.s.s.web.DefaultSecurityFilterChain     : Will secure any request with [org.springframework.security.web.session.DisableEncodeUrlFilter@5b4ce00, org.springframework.security.web.context.request.async.WebAsyncManagerIntegrationFilter@7747571c, org.springframework.security.web.context.SecurityContextPersistenceFilter@47bbf44d, org.springframework.security.web.header.HeaderWriterFilter@7d3faf1d, org.springframework.security.web.authentication.logout.LogoutFilter@779cb140, com.docker.initial.configuration.JwtAuthenticationFilter@51eafec0, org.springframework.security.web.savedrequest.RequestCacheAwareFilter@52b7c1d9, org.springframework.security.web.servletapi.SecurityContextHolderAwareRequestFilter@7789526e, org.springframework.security.web.authentication.AnonymousAuthenticationFilter@69e308e2, org.springframework.security.web.session.SessionManagementFilter@13cc3984, org.springframework.security.web.access.ExceptionTranslationFilter@2c3d0ff8, org.springframework.security.web.access.intercept.FilterSecurityInterceptor@6889e714]
2025-04-06 20:06:18.786  INFO 24020 --- [main] o.s.b.a.e.web.EndpointLinksResolver      : Exposing 15 endpoint(s) beneath base path '/actuator'
2025-04-06 20:06:18.853  INFO 24020 --- [main] o.s.b.w.embedded.tomcat.TomcatWebServer  : Tomcat started on port(s): 8081 (http) with context path ''
2025-04-06 20:06:18.870  INFO 24020 --- [main] com.docker.initial.InitialApplication    : Started InitialApplication in 6.932 seconds (JVM running for 7.455)
2025-04-06 20:06:21.873  INFO 24020 --- [http-nio-8081-exec-1] o.a.c.c.C.[Tomcat].[localhost].[/]       : Initializing Spring DispatcherServlet 'dispatcherServlet'
2025-04-06 20:06:21.874  INFO 24020 --- [http-nio-8081-exec-1] o.s.web.servlet.DispatcherServlet        : Initializing Servlet 'dispatcherServlet'
2025-04-06 20:06:21.876  INFO 24020 --- [http-nio-8081-exec-1] o.s.web.servlet.DispatcherServlet        : Completed initialization in 2 ms
2025-04-06 20:06:26.288  INFO 24020 --- [http-nio-8081-exec-2] c.d.i.controller.CategoryController      : Categories Are - 
